hour_of_day,A,B,C,all_lots
0,0.234,0.288,0.212,0.245
1,0.214,0.292,0.238,0.248
2,0.253,0.27,0.234,0.252
3,0.244,0.286,0.232,0.254
4,0.253,0.274,0.22,0.249
5,0.27,0.279,0.256,0.268
6,0.26,0.278,0.229,0.256
7,0.224,0.23,0.229,0.228
8,0.453,0.466,0.384,0.434
9,0.419,0.539,0.351,0.436
10,0.554,0.649,0.477,0.56
11,0.523,0.653,0.473,0.55
12,0.544,0.649,0.479,0.557
13,0.55,0.654,0.482,0.562
14,0.526,0.642,0.485,0.551
15,0.537,0.683,0.464,0.561
16,0.45,0.528,0.37,0.449
17,0.441,0.475,0.391,0.436
18,0.237,0.28,0.255,0.257
19,0.243,0.275,0.238,0.252
20,0.261,0.289,0.21,0.253
21,0.261,0.261,0.221,0.248
22,0.243,0.27,0.258,0.257
23,0.257,0.279,0.23,0.255
