timestamp,lot_id,occupied_spaces,total_spaces
2025-09-01 00:00,A,11,50
2025-09-01 01:00,A,13,50
2025-09-01 02:00,A,11,50
2025-09-01 03:00,A,11,50
2025-09-01 04:00,A,9,50
2025-09-01 05:00,A,11,50
2025-09-01 06:00,A,15,50
2025-09-01 07:00,A,13,50
2025-09-01 08:00,A,27,50
2025-09-01 09:00,A,25,50
2025-09-01 10:00,A,33,50
2025-09-01 11:00,A,33,50
2025-09-01 12:00,A,27,50
2025-09-01 13:00,A,35,50
2025-09-01 14:00,A,34,50
2025-09-01 15:00,A,34,50
2025-09-01 16:00,A,19,50
2025-09-01 17:00,A,19,50
2025-09-01 18:00,A,9,50
2025-09-01 19:00,A,10,50
2025-09-01 20:00,A,13,50
2025-09-01 21:00,A,11,50
2025-09-01 22:00,A,13,50
2025-09-01 23:00,A,10,50
2025-09-01 00:00,B,22,80
2025-09-01 01:00,B,22,80
2025-09-01 02:00,B,17,80
2025-09-01 03:00,B,29,80
2025-09-01 04:00,B,23,80
2025-09-01 05:00,B,26,80
2025-09-01 06:00,B,17,80
2025-09-01 07:00,B,17,80
2025-09-01 08:00,B,44,80
2025-09-01 09:00,B,45,80
2025-09-01 10:00,B,65,80
2025-09-01 11:00,B,64,80
2025-09-01 12:00,B,60,80
2025-09-01 13:00,B,58,80
2025-09-01 14:00,B,60,80
2025-09-01 15:00,B,68,80
2025-09-01 16:00,B,42,80
2025-09-01 17:00,B,47,80
2025-09-01 18:00,B,22,80
2025-09-01 19:00,B,13,80
2025-09-01 20:00,B,21,80
2025-09-01 21:00,B,27,80
2025-09-01 22:00,B,11,80
2025-09-01 23:00,B,19,80
2025-09-01 00:00,C,25,120
2025-09-01 01:00,C,20,120
2025-09-01 02:00,C,30,120
2025-09-01 03:00,C,26,120
2025-09-01 04:00,C,16,120
2025-09-01 05:00,C,32,120
2025-09-01 06:00,C,31,120
2025-09-01 07:00,C,33,120
2025-09-01 08:00,C,61,120
2025-09-01 09:00,C,53,120
2025-09-01 10:00,C,67,120
2025-09-01 11:00,C,57,120
2025-09-01 12:00,C,71,120
2025-09-01 13:00,C,62,120
2025-09-01 14:00,C,63,120
2025-09-01 15:00,C,57,120
2025-09-01 16:00,C,43,120
2025-09-01 17:00,C,47,120
2025-09-01 18:00,C,35,120
2025-09-01 19:00,C,11,120
2025-09-01 20:00,C,16,120
2025-09-01 21:00,C,28,120
2025-09-01 22:00,C,36,120
2025-09-01 23:00,C,30,120
2025-09-02 00:00,A,6,50
2025-09-02 01:00,A,4,50
2025-09-02 02:00,A,13,50
2025-09-02 03:00,A,9,50
2025-09-02 04:00,A,8,50
2025-09-02 05:00,A,15,50
2025-09-02 06:00,A,15,50
2025-09-02 07:00,A,12,50
2025-09-02 08:00,A,25,50
2025-09-02 09:00,A,25,50
2025-09-02 10:00,A,37,50
2025-09-02 11:00,A,34,50
2025-09-02 12:00,A,34,50
2025-09-02 13:00,A,34,50
2025-09-02 14:00,A,28,50
2025-09-02 15:00,A,36,50
2025-09-02 16:00,A,27,50
2025-09-02 17:00,A,26,50
2025-09-02 18:00,A,6,50
2025-09-02 19:00,A,10,50
2025-09-02 20:00,A,14,50
2025-09-02 21:00,A,6,50
2025-09-02 22:00,A,11,50
2025-09-02 23:00,A,15,50
2025-09-02 00:00,B,14,80
2025-09-02 01:00,B,28,80
2025-09-02 02:00,B,23,80
2025-09-02 03:00,B,20,80
2025-09-02 04:00,B,22,80
2025-09-02 05:00,B,24,80
2025-09-02 06:00,B,21,80
2025-09-02 07:00,B,26,80
2025-09-02 08:00,B,42,80
2025-09-02 09:00,B,44,80
2025-09-02 10:00,B,67,80
2025-09-02 11:00,B,63,80
2025-09-02 12:00,B,58,80
2025-09-02 13:00,B,67,80
2025-09-02 14:00,B,69,80
2025-09-02 15:00,B,60,80
2025-09-02 16:00,B,39,80
2025-09-02 17:00,B,45,80
2025-09-02 18:00,B,20,80
2025-09-02 19:00,B,19,80
2025-09-02 20:00,B,27,80
2025-09-02 21:00,B,15,80
2025-09-02 22:00,B,26,80
2025-09-02 23:00,B,14,80
2025-09-02 00:00,C,20,120
2025-09-02 01:00,C,31,120
2025-09-02 02:00,C,34,120
2025-09-02 03:00,C,32,120
2025-09-02 04:00,C,29,120
2025-09-02 05:00,C,27,120
2025-09-02 06:00,C,27,120
2025-09-02 07:00,C,30,120
2025-09-02 08:00,C,49,120
2025-09-02 09:00,C,52,120
2025-09-02 10:00,C,71,120
2025-09-02 11:00,C,67,120
2025-09-02 12:00,C,72,120
2025-09-02 13:00,C,71,120
2025-09-02 14:00,C,81,120
2025-09-02 15:00,C,69,120
2025-09-02 16:00,C,47,120
2025-09-02 17:00,C,48,120
2025-09-02 18:00,C,26,120
2025-09-02 19:00,C,33,120
2025-09-02 20:00,C,24,120
2025-09-02 21:00,C,29,120
2025-09-02 22:00,C,39,120
2025-09-02 23:00,C,8,120
2025-09-03 00:00,A,8,50
2025-09-03 01:00,A,12,50
2025-09-03 02:00,A,13,50
2025-09-03 03:00,A,12,50
2025-09-03 04:00,A,10,50
2025-09-03 05:00,A,14,50
2025-09-03 06:00,A,12,50
2025-09-03 07:00,A,10,50
2025-09-03 08:00,A,31,50
2025-09-03 09:00,A,25,50
2025-09-03 10:00,A,31,50
2025-09-03 11:00,A,32,50
2025-09-03 12:00,A,32,50
2025-09-03 13:00,A,32,50
2025-09-03 14:00,A,24,50
2025-09-03 15:00,A,31,50
2025-09-03 16:00,A,27,50
2025-09-03 17:00,A,20,50
2025-09-03 18:00,A,11,50
2025-09-03 19:00,A,14,50
2025-09-03 20:00,A,14,50
2025-09-03 21:00,A,16,50
2025-09-03 22:00,A,7,50
2025-09-03 23:00,A,11,50
2025-09-03 00:00,B,19,80
2025-09-03 01:00,B,23,80
2025-09-03 02:00,B,26,80
2025-09-03 03:00,B,8,80
2025-09-03 04:00,B,26,80
2025-09-03 05:00,B,13,80
2025-09-03 06:00,B,24,80
2025-09-03 07:00,B,13,80
2025-09-03 08:00,B,46,80
2025-09-03 09:00,B,51,80
2025-09-03 10:00,B,62,80
2025-09-03 11:00,B,63,80
2025-09-03 12:00,B,66,80
2025-09-03 13:00,B,63,80
2025-09-03 14:00,B,62,80
2025-09-03 15:00,B,70,80
2025-09-03 16:00,B,51,80
2025-09-03 17:00,B,44,80
2025-09-03 18:00,B,34,80
2025-09-03 19:00,B,15,80
2025-09-03 20:00,B,25,80
2025-09-03 21:00,B,19,80
2025-09-03 22:00,B,21,80
2025-09-03 23:00,B,24,80
2025-09-03 00:00,C,28,120
2025-09-03 01:00,C,31,120
2025-09-03 02:00,C,15,120
2025-09-03 03:00,C,15,120
2025-09-03 04:00,C,31,120
2025-09-03 05:00,C,19,120
2025-09-03 06:00,C,19,120
2025-09-03 07:00,C,16,120
2025-09-03 08:00,C,60,120
2025-09-03 09:00,C,56,120
2025-09-03 10:00,C,77,120
2025-09-03 11:00,C,60,120
2025-09-03 12:00,C,67,120
2025-09-03 13:00,C,58,120
2025-09-03 14:00,C,72,120
2025-09-03 15:00,C,78,120
2025-09-03 16:00,C,44,120
2025-09-03 17:00,C,62,120
2025-09-03 18:00,C,33,120
2025-09-03 19:00,C,25,120
2025-09-03 20:00,C,12,120
2025-09-03 21:00,C,36,120
2025-09-03 22:00,C,25,120
2025-09-03 23:00,C,22,120
2025-09-04 00:00,A,13,50
2025-09-04 01:00,A,13,50
2025-09-04 02:00,A,16,50
2025-09-04 03:00,A,9,50
2025-09-04 04:00,A,15,50
2025-09-04 05:00,A,16,50
2025-09-04 06:00,A,16,50
2025-09-04 07:00,A,11,50
2025-09-04 08:00,A,22,50
2025-09-04 09:00,A,27,50
2025-09-04 10:00,A,33,50
2025-09-04 11:00,A,33,50
2025-09-04 12:00,A,37,50
2025-09-04 13:00,A,31,50
2025-09-04 14:00,A,25,50
2025-09-04 15:00,A,31,50
2025-09-04 16:00,A,18,50
2025-09-04 17:00,A,26,50
2025-09-04 18:00,A,13,50
2025-09-04 19:00,A,10,50
2025-09-04 20:00,A,12,50
2025-09-04 21:00,A,14,50
2025-09-04 22:00,A,12,50
2025-09-04 23:00,A,16,50
2025-09-04 00:00,B,20,80
2025-09-04 01:00,B,25,80
2025-09-04 02:00,B,28,80
2025-09-04 03:00,B,28,80
2025-09-04 04:00,B,17,80
2025-09-04 05:00,B,25,80
2025-09-04 06:00,B,11,80
2025-09-04 07:00,B,15,80
2025-09-04 08:00,B,36,80
2025-09-04 09:00,B,51,80
2025-09-04 10:00,B,56,80
2025-09-04 11:00,B,62,80
2025-09-04 12:00,B,61,80
2025-09-04 13:00,B,62,80
2025-09-04 14:00,B,60,80
2025-09-04 15:00,B,64,80
2025-09-04 16:00,B,54,80
2025-09-04 17:00,B,46,80
2025-09-04 18:00,B,23,80
2025-09-04 19:00,B,25,80
2025-09-04 20:00,B,19,80
2025-09-04 21:00,B,14,80
2025-09-04 22:00,B,18,80
2025-09-04 23:00,B,26,80
2025-09-04 00:00,C,14,120
2025-09-04 01:00,C,22,120
2025-09-04 02:00,C,33,120
2025-09-04 03:00,C,32,120
2025-09-04 04:00,C,26,120
2025-09-04 05:00,C,32,120
2025-09-04 06:00,C,27,120
2025-09-04 07:00,C,18,120
2025-09-04 08:00,C,39,120
2025-09-04 09:00,C,46,120
2025-09-04 10:00,C,73,120
2025-09-04 11:00,C,63,120
2025-09-04 12:00,C,60,120
2025-09-04 13:00,C,61,120
2025-09-04 14:00,C,56,120
2025-09-04 15:00,C,66,120
2025-09-04 16:00,C,42,120
2025-09-04 17:00,C,53,120
2025-09-04 18:00,C,9,120
2025-09-04 19:00,C,28,120
2025-09-04 20:00,C,21,120
2025-09-04 21:00,C,12,120
2025-09-04 22:00,C,31,120
2025-09-04 23:00,C,24,120
2025-09-05 00:00,A,5,50
2025-09-05 01:00,A,9,50
2025-09-05 02:00,A,12,50
2025-09-05 03:00,A,10,50
2025-09-05 04:00,A,14,50
2025-09-05 05:00,A,14,50
2025-09-05 06:00,A,14,50
2025-09-05 07:00,A,13,50
2025-09-05 08:00,A,28,50
2025-09-05 09:00,A,26,50
2025-09-05 10:00,A,34,50
2025-09-05 11:00,A,26,50
2025-09-05 12:00,A,35,50
2025-09-05 13:00,A,36,50
2025-09-05 14:00,A,31,50
2025-09-05 15:00,A,31,50
2025-09-05 16:00,A,30,50
2025-09-05 17:00,A,19,50
2025-09-05 18:00,A,13,50
2025-09-05 19:00,A,19,50
2025-09-05 20:00,A,9,50
2025-09-05 21:00,A,14,50
2025-09-05 22:00,A,17,50
2025-09-05 23:00,A,11,50
2025-09-05 00:00,B,23,80
2025-09-05 01:00,B,25,80
2025-09-05 02:00,B,16,80
2025-09-05 03:00,B,20,80
2025-09-05 04:00,B,22,80
2025-09-05 05:00,B,24,80
2025-09-05 06:00,B,20,80
2025-09-05 07:00,B,19,80
2025-09-05 08:00,B,41,80
2025-09-05 09:00,B,44,80
2025-09-05 10:00,B,67,80
2025-09-05 11:00,B,63,80
2025-09-05 12:00,B,58,80
2025-09-05 13:00,B,58,80
2025-09-05 14:00,B,75,80
2025-09-05 15:00,B,68,80
2025-09-05 16:00,B,49,80
2025-09-05 17:00,B,33,80
2025-09-05 18:00,B,23,80
2025-09-05 19:00,B,23,80
2025-09-05 20:00,B,28,80
2025-09-05 21:00,B,22,80
2025-09-05 22:00,B,20,80
2025-09-05 23:00,B,23,80
2025-09-05 00:00,C,12,120
2025-09-05 01:00,C,34,120
2025-09-05 02:00,C,28,120
2025-09-05 03:00,C,21,120
2025-09-05 04:00,C,36,120
2025-09-05 05:00,C,39,120
2025-09-05 06:00,C,16,120
2025-09-05 07:00,C,21,120
2025-09-05 08:00,C,52,120
2025-09-05 09:00,C,52,120
2025-09-05 10:00,C,64,120
2025-09-05 11:00,C,60,120
2025-09-05 12:00,C,82,120
2025-09-05 13:00,C,74,120
2025-09-05 14:00,C,58,120
2025-09-05 15:00,C,57,120
2025-09-05 16:00,C,63,120
2025-09-05 17:00,C,58,120
2025-09-05 18:00,C,39,120
2025-09-05 19:00,C,32,120
2025-09-05 20:00,C,20,120
2025-09-05 21:00,C,28,120
2025-09-05 22:00,C,11,120
2025-09-05 23:00,C,21,120
2025-09-06 00:00,A,14,50
2025-09-06 01:00,A,16,50
2025-09-06 02:00,A,12,50
2025-09-06 03:00,A,14,50
2025-09-06 04:00,A,16,50
2025-09-06 05:00,A,16,50
2025-09-06 06:00,A,16,50
2025-09-06 07:00,A,15,50
2025-09-06 08:00,A,13,50
2025-09-06 09:00,A,17,50
2025-09-06 10:00,A,15,50
2025-09-06 11:00,A,12,50
2025-09-06 12:00,A,12,50
2025-09-06 13:00,A,14,50
2025-09-06 14:00,A,14,50
2025-09-06 15:00,A,15,50
2025-09-06 16:00,A,14,50
2025-09-06 17:00,A,15,50
2025-09-06 18:00,A,14,50
2025-09-06 19:00,A,11,50
2025-09-06 20:00,A,16,50
2025-09-06 21:00,A,18,50
2025-09-06 22:00,A,16,50
2025-09-06 23:00,A,14,50
2025-09-06 00:00,B,28,80
2025-09-06 01:00,B,21,80
2025-09-06 02:00,B,17,80
2025-09-06 03:00,B,26,80
2025-09-06 04:00,B,22,80
2025-09-06 05:00,B,30,80
2025-09-06 06:00,B,21,80
2025-09-06 07:00,B,13,80
2025-09-06 08:00,B,21,80
2025-09-06 09:00,B,34,80
2025-09-06 10:00,B,24,80
2025-09-06 11:00,B,19,80
2025-09-06 12:00,B,22,80
2025-09-06 13:00,B,29,80
2025-09-06 14:00,B,28,80
2025-09-06 15:00,B,27,80
2025-09-06 16:00,B,33,80
2025-09-06 17:00,B,29,80
2025-09-06 18:00,B,26,80
2025-09-06 19:00,B,29,80
2025-09-06 20:00,B,34,80
2025-09-06 21:00,B,31,80
2025-09-06 22:00,B,31,80
2025-09-06 23:00,B,21,80
2025-09-06 00:00,C,30,120
2025-09-06 01:00,C,37,120
2025-09-06 02:00,C,29,120
2025-09-06 03:00,C,39,120
2025-09-06 04:00,C,36,120
2025-09-06 05:00,C,38,120
2025-09-06 06:00,C,30,120
2025-09-06 07:00,C,50,120
2025-09-06 08:00,C,40,120
2025-09-06 09:00,C,30,120
2025-09-06 10:00,C,32,120
2025-09-06 11:00,C,50,120
2025-09-06 12:00,C,29,120
2025-09-06 13:00,C,38,120
2025-09-06 14:00,C,39,120
2025-09-06 15:00,C,32,120
2025-09-06 16:00,C,23,120
2025-09-06 17:00,C,33,120
2025-09-06 18:00,C,34,120
2025-09-06 19:00,C,40,120
2025-09-06 20:00,C,37,120
2025-09-06 21:00,C,32,120
2025-09-06 22:00,C,38,120
2025-09-06 23:00,C,35,120
2025-09-07 00:00,A,15,50
2025-09-07 01:00,A,15,50
2025-09-07 02:00,A,14,50
2025-09-07 03:00,A,16,50
2025-09-07 04:00,A,11,50
2025-09-07 05:00,A,12,50
2025-09-07 06:00,A,14,50
2025-09-07 07:00,A,10,50
2025-09-07 08:00,A,13,50
2025-09-07 09:00,A,8,50
2025-09-07 10:00,A,12,50
2025-09-07 11:00,A,16,50
2025-09-07 12:00,A,16,50
2025-09-07 13:00,A,14,50
2025-09-07 14:00,A,14,50
2025-09-07 15:00,A,10,50
2025-09-07 16:00,A,20,50
2025-09-07 17:00,A,16,50
2025-09-07 18:00,A,18,50
2025-09-07 19:00,A,12,50
2025-09-07 20:00,A,14,50
2025-09-07 21:00,A,9,50
2025-09-07 22:00,A,17,50
2025-09-07 23:00,A,17,50
2025-09-07 00:00,B,17,80
2025-09-07 01:00,B,26,80
2025-09-07 02:00,B,29,80
2025-09-07 03:00,B,18,80
2025-09-07 04:00,B,17,80
2025-09-07 05:00,B,21,80
2025-09-07 06:00,B,23,80
2025-09-07 07:00,B,19,80
2025-09-07 08:00,B,26,80
2025-09-07 09:00,B,27,80
2025-09-07 10:00,B,29,80
2025-09-07 11:00,B,29,80
2025-09-07 12:00,B,33,80
2025-09-07 13:00,B,32,80
2025-09-07 14:00,B,20,80
2025-09-07 15:00,B,24,80
2025-09-07 16:00,B,21,80
2025-09-07 17:00,B,21,80
2025-09-07 18:00,B,26,80
2025-09-07 19:00,B,26,80
2025-09-07 20:00,B,28,80
2025-09-07 21:00,B,18,80
2025-09-07 22:00,B,20,80
2025-09-07 23:00,B,26,80
2025-09-07 00:00,C,30,120
2025-09-07 01:00,C,29,120
2025-09-07 02:00,C,31,120
2025-09-07 03:00,C,26,120
2025-09-07 04:00,C,37,120
2025-09-07 05:00,C,34,120
2025-09-07 06:00,C,31,120
2025-09-07 07:00,C,27,120
2025-09-07 08:00,C,30,120
2025-09-07 09:00,C,12,120
2025-09-07 10:00,C,24,120
2025-09-07 11:00,C,32,120
2025-09-07 12:00,C,21,120
2025-09-07 13:00,C,33,120
2025-09-07 14:00,C,33,120
2025-09-07 15:00,C,22,120
2025-09-07 16:00,C,30,120
2025-09-07 17:00,C,29,120
2025-09-07 18:00,C,35,120
2025-09-07 19:00,C,36,120
2025-09-07 20:00,C,31,120
2025-09-07 21:00,C,25,120
2025-09-07 22:00,C,30,120
2025-09-07 23:00,C,31,120
2025-09-08 00:00,A,14,50
2025-09-08 01:00,A,13,50
2025-09-08 02:00,A,9,50
2025-09-08 03:00,A,8,50
2025-09-08 04:00,A,11,50
2025-09-08 05:00,A,9,50
2025-09-08 06:00,A,8,50
2025-09-08 07:00,A,11,50
2025-09-08 08:00,A,23,50
2025-09-08 09:00,A,24,50
2025-09-08 10:00,A,34,50
2025-09-08 11:00,A,31,50
2025-09-08 12:00,A,39,50
2025-09-08 13:00,A,31,50
2025-09-08 14:00,A,36,50
2025-09-08 15:00,A,33,50
2025-09-08 16:00,A,27,50
2025-09-08 17:00,A,17,50
2025-09-08 18:00,A,9,50
2025-09-08 19:00,A,12,50
2025-09-08 20:00,A,13,50
2025-09-08 21:00,A,19,50
2025-09-08 22:00,A,13,50
2025-09-08 23:00,A,15,50
2025-09-08 00:00,B,24,80
2025-09-08 01:00,B,25,80
2025-09-08 02:00,B,23,80
2025-09-08 03:00,B,20,80
2025-09-08 04:00,B,23,80
2025-09-08 05:00,B,15,80
2025-09-08 06:00,B,26,80
2025-09-08 07:00,B,16,80
2025-09-08 08:00,B,47,80
2025-09-08 09:00,B,56,80
2025-09-08 10:00,B,61,80
2025-09-08 11:00,B,62,80
2025-09-08 12:00,B,68,80
2025-09-08 13:00,B,63,80
2025-09-08 14:00,B,59,80
2025-09-08 15:00,B,64,80
2025-09-08 16:00,B,48,80
2025-09-08 17:00,B,49,80
2025-09-08 18:00,B,17,80
2025-09-08 19:00,B,29,80
2025-09-08 20:00,B,28,80
2025-09-08 21:00,B,20,80
2025-09-08 22:00,B,22,80
2025-09-08 23:00,B,18,80
2025-09-08 00:00,C,36,120
2025-09-08 01:00,C,21,120
2025-09-08 02:00,C,31,120
2025-09-08 03:00,C,23,120
2025-09-08 04:00,C,21,120
2025-09-08 05:00,C,31,120
2025-09-08 06:00,C,36,120
2025-09-08 07:00,C,26,120
2025-09-08 08:00,C,46,120
2025-09-08 09:00,C,56,120
2025-09-08 10:00,C,66,120
2025-09-08 11:00,C,69,120
2025-09-08 12:00,C,78,120
2025-09-08 13:00,C,75,120
2025-09-08 14:00,C,63,120
2025-09-08 15:00,C,83,120
2025-09-08 16:00,C,50,120
2025-09-08 17:00,C,56,120
2025-09-08 18:00,C,21,120
2025-09-08 19:00,C,26,120
2025-09-08 20:00,C,14,120
2025-09-08 21:00,C,39,120
2025-09-08 22:00,C,36,120
2025-09-08 23:00,C,17,120
2025-09-09 00:00,A,7,50
2025-09-09 01:00,A,7,50
2025-09-09 02:00,A,15,50
2025-09-09 03:00,A,10,50
2025-09-09 04:00,A,11,50
2025-09-09 05:00,A,11,50
2025-09-09 06:00,A,11,50
2025-09-09 07:00,A,8,50
2025-09-09 08:00,A,24,50
2025-09-09 09:00,A,20,50
2025-09-09 10:00,A,32,50
2025-09-09 11:00,A,33,50
2025-09-09 12:00,A,34,50
2025-09-09 13:00,A,32,50
2025-09-09 14:00,A,30,50
2025-09-09 15:00,A,33,50
2025-09-09 16:00,A,23,50
2025-09-09 17:00,A,29,50
2025-09-09 18:00,A,14,50
2025-09-09 19:00,A,11,50
2025-09-09 20:00,A,10,50
2025-09-09 21:00,A,10,50
2025-09-09 22:00,A,9,50
2025-09-09 23:00,A,11,50
2025-09-09 00:00,B,22,80
2025-09-09 01:00,B,23,80
2025-09-09 02:00,B,23,80
2025-09-09 03:00,B,30,80
2025-09-09 04:00,B,17,80
2025-09-09 05:00,B,20,80
2025-09-09 06:00,B,34,80
2025-09-09 07:00,B,11,80
2025-09-09 08:00,B,43,80
2025-09-09 09:00,B,46,80
2025-09-09 10:00,B,63,80
2025-09-09 11:00,B,64,80
2025-09-09 12:00,B,61,80
2025-09-09 13:00,B,64,80
2025-09-09 14:00,B,63,80
2025-09-09 15:00,B,66,80
2025-09-09 16:00,B,37,80
2025-09-09 17:00,B,41,80
2025-09-09 18:00,B,20,80
2025-09-09 19:00,B,15,80
2025-09-09 20:00,B,15,80
2025-09-09 21:00,B,23,80
2025-09-09 22:00,B,17,80
2025-09-09 23:00,B,23,80
2025-09-09 00:00,C,31,120
2025-09-09 01:00,C,28,120
2025-09-09 02:00,C,30,120
2025-09-09 03:00,C,25,120
2025-09-09 04:00,C,16,120
2025-09-09 05:00,C,26,120
2025-09-09 06:00,C,29,120
2025-09-09 07:00,C,22,120
2025-09-09 08:00,C,50,120
2025-09-09 09:00,C,56,120
2025-09-09 10:00,C,60,120
2025-09-09 11:00,C,71,120
2025-09-09 12:00,C,80,120
2025-09-09 13:00,C,63,120
2025-09-09 14:00,C,68,120
2025-09-09 15:00,C,66,120
2025-09-09 16:00,C,61,120
2025-09-09 17:00,C,53,120
2025-09-09 18:00,C,33,120
2025-09-09 19:00,C,21,120
2025-09-09 20:00,C,26,120
2025-09-09 21:00,C,26,120
2025-09-09 22:00,C,13,120
2025-09-09 23:00,C,36,120
2025-09-10 00:00,A,14,50
2025-09-10 01:00,A,6,50
2025-09-10 02:00,A,14,50
2025-09-10 03:00,A,11,50
2025-09-10 04:00,A,13,50
2025-09-10 05:00,A,13,50
2025-09-10 06:00,A,7,50
2025-09-10 07:00,A,11,50
2025-09-10 08:00,A,28,50
2025-09-10 09:00,A,22,50
2025-09-10 10:00,A,29,50
2025-09-10 11:00,A,28,50
2025-09-10 12:00,A,29,50
2025-09-10 13:00,A,33,50
2025-09-10 14:00,A,37,50
2025-09-10 15:00,A,34,50
2025-09-10 16:00,A,25,50
2025-09-10 17:00,A,31,50
2025-09-10 18:00,A,10,50
2025-09-10 19:00,A,10,50
2025-09-10 20:00,A,13,50
2025-09-10 21:00,A,13,50
2025-09-10 22:00,A,9,50
2025-09-10 23:00,A,8,50
2025-09-10 00:00,B,22,80
2025-09-10 01:00,B,22,80
2025-09-10 02:00,B,14,80
2025-09-10 03:00,B,19,80
2025-09-10 04:00,B,18,80
2025-09-10 05:00,B,23,80
2025-09-10 06:00,B,20,80
2025-09-10 07:00,B,20,80
2025-09-10 08:00,B,44,80
2025-09-10 09:00,B,51,80
2025-09-10 10:00,B,69,80
2025-09-10 11:00,B,61,80
2025-09-10 12:00,B,66,80
2025-09-10 13:00,B,59,80
2025-09-10 14:00,B,63,80
2025-09-10 15:00,B,66,80
2025-09-10 16:00,B,53,80
2025-09-10 17:00,B,44,80
2025-09-10 18:00,B,20,80
2025-09-10 19:00,B,21,80
2025-09-10 20:00,B,13,80
2025-09-10 21:00,B,20,80
2025-09-10 22:00,B,17,80
2025-09-10 23:00,B,22,80
2025-09-10 00:00,C,18,120
2025-09-10 01:00,C,12,120
2025-09-10 02:00,C,26,120
2025-09-10 03:00,C,28,120
2025-09-10 04:00,C,22,120
2025-09-10 05:00,C,32,120
2025-09-10 06:00,C,24,120
2025-09-10 07:00,C,22,120
2025-09-10 08:00,C,54,120
2025-09-10 09:00,C,39,120
2025-09-10 10:00,C,62,120
2025-09-10 11:00,C,66,120
2025-09-10 12:00,C,73,120
2025-09-10 13:00,C,65,120
2025-09-10 14:00,C,69,120
2025-09-10 15:00,C,62,120
2025-09-10 16:00,C,53,120
2025-09-10 17:00,C,62,120
2025-09-10 18:00,C,21,120
2025-09-10 19:00,C,43,120
2025-09-10 20:00,C,21,120
2025-09-10 21:00,C,26,120
2025-09-10 22:00,C,27,120
2025-09-10 23:00,C,33,120
2025-09-11 00:00,A,8,50
2025-09-11 01:00,A,5,50
2025-09-11 02:00,A,13,50
2025-09-11 03:00,A,14,50
2025-09-11 04:00,A,13,50
2025-09-11 05:00,A,20,50
2025-09-11 06:00,A,12,50
2025-09-11 07:00,A,12,50
2025-09-11 08:00,A,27,50
2025-09-11 09:00,A,25,50
2025-09-11 10:00,A,37,50
2025-09-11 11:00,A,29,50
2025-09-11 12:00,A,31,50
2025-09-11 13:00,A,22,50
2025-09-11 14:00,A,35,50
2025-09-11 15:00,A,31,50
2025-09-11 16:00,A,27,50
2025-09-11 17:00,A,30,50
2025-09-11 18:00,A,12,50
2025-09-11 19:00,A,11,50
2025-09-11 20:00,A,10,50
2025-09-11 21:00,A,9,50
2025-09-11 22:00,A,10,50
2025-09-11 23:00,A,14,50
2025-09-11 00:00,B,21,80
2025-09-11 01:00,B,21,80
2025-09-11 02:00,B,20,80
2025-09-11 03:00,B,25,80
2025-09-11 04:00,B,23,80
2025-09-11 05:00,B,20,80
2025-09-11 06:00,B,24,80
2025-09-11 07:00,B,20,80
2025-09-11 08:00,B,40,80
2025-09-11 09:00,B,53,80
2025-09-11 10:00,B,65,80
2025-09-11 11:00,B,58,80
2025-09-11 12:00,B,68,80
2025-09-11 13:00,B,64,80
2025-09-11 14:00,B,55,80
2025-09-11 15:00,B,70,80
2025-09-11 16:00,B,47,80
2025-09-11 17:00,B,50,80
2025-09-11 18:00,B,21,80
2025-09-11 19:00,B,20,80
2025-09-11 20:00,B,13,80
2025-09-11 21:00,B,25,80
2025-09-11 22:00,B,21,80
2025-09-11 23:00,B,19,80
2025-09-11 00:00,C,29,120
2025-09-11 01:00,C,27,120
2025-09-11 02:00,C,31,120
2025-09-11 03:00,C,23,120
2025-09-11 04:00,C,26,120
2025-09-11 05:00,C,11,120
2025-09-11 06:00,C,23,120
2025-09-11 07:00,C,31,120
2025-09-11 08:00,C,60,120
2025-09-11 09:00,C,48,120
2025-09-11 10:00,C,66,120
2025-09-11 11:00,C,78,120
2025-09-11 12:00,C,64,120
2025-09-11 13:00,C,72,120
2025-09-11 14:00,C,79,120
2025-09-11 15:00,C,67,120
2025-09-11 16:00,C,59,120
2025-09-11 17:00,C,45,120
2025-09-11 18:00,C,28,120
2025-09-11 19:00,C,26,120
2025-09-11 20:00,C,27,120
2025-09-11 21:00,C,34,120
2025-09-11 22:00,C,43,120
2025-09-11 23:00,C,21,120
2025-09-12 00:00,A,10,50
2025-09-12 01:00,A,13,50
2025-09-12 02:00,A,8,50
2025-09-12 03:00,A,13,50
2025-09-12 04:00,A,13,50
2025-09-12 05:00,A,11,50
2025-09-12 06:00,A,13,50
2025-09-12 07:00,A,7,50
2025-09-12 08:00,A,26,50
2025-09-12 09:00,A,19,50
2025-09-12 10:00,A,30,50
2025-09-12 11:00,A,31,50
2025-09-12 12:00,A,31,50
2025-09-12 13:00,A,35,50
2025-09-12 14:00,A,32,50
2025-09-12 15:00,A,31,50
2025-09-12 16:00,A,26,50
2025-09-12 17:00,A,29,50
2025-09-12 18:00,A,12,50
2025-09-12 19:00,A,13,50
2025-09-12 20:00,A,15,50
2025-09-12 21:00,A,12,50
2025-09-12 22:00,A,8,50
2025-09-12 23:00,A,19,50
2025-09-12 00:00,B,31,80
2025-09-12 01:00,B,11,80
2025-09-12 02:00,B,20,80
2025-09-12 03:00,B,22,80
2025-09-12 04:00,B,25,80
2025-09-12 05:00,B,24,80
2025-09-12 06:00,B,19,80
2025-09-12 07:00,B,15,80
2025-09-12 08:00,B,46,80
2025-09-12 09:00,B,51,80
2025-09-12 10:00,B,57,80
2025-09-12 11:00,B,57,80
2025-09-12 12:00,B,62,80
2025-09-12 13:00,B,53,80
2025-09-12 14:00,B,61,80
2025-09-12 15:00,B,60,80
2025-09-12 16:00,B,48,80
2025-09-12 17:00,B,42,80
2025-09-12 18:00,B,16,80
2025-09-12 19:00,B,19,80
2025-09-12 20:00,B,20,80
2025-09-12 21:00,B,17,80
2025-09-12 22:00,B,20,80
2025-09-12 23:00,B,24,80
2025-09-12 00:00,C,35,120
2025-09-12 01:00,C,38,120
2025-09-12 02:00,C,20,120
2025-09-12 03:00,C,23,120
2025-09-12 04:00,C,8,120
2025-09-12 05:00,C,40,120
2025-09-12 06:00,C,21,120
2025-09-12 07:00,C,26,120
2025-09-12 08:00,C,54,120
2025-09-12 09:00,C,41,120
2025-09-12 10:00,C,70,120
2025-09-12 11:00,C,66,120
2025-09-12 12:00,C,53,120
2025-09-12 13:00,C,69,120
2025-09-12 14:00,C,75,120
2025-09-12 15:00,C,53,120
2025-09-12 16:00,C,56,120
2025-09-12 17:00,C,52,120
2025-09-12 18:00,C,30,120
2025-09-12 19:00,C,29,120
2025-09-12 20:00,C,35,120
2025-09-12 21:00,C,24,120
2025-09-12 22:00,C,32,120
2025-09-12 23:00,C,23,120
2025-09-13 00:00,A,17,50
2025-09-13 01:00,A,12,50
2025-09-13 02:00,A,14,50
2025-09-13 03:00,A,20,50
2025-09-13 04:00,A,16,50
2025-09-13 05:00,A,14,50
2025-09-13 06:00,A,11,50
2025-09-13 07:00,A,12,50
2025-09-13 08:00,A,15,50
2025-09-13 09:00,A,17,50
2025-09-13 10:00,A,16,50
2025-09-13 11:00,A,16,50
2025-09-13 12:00,A,14,50
2025-09-13 13:00,A,18,50
2025-09-13 14:00,A,13,50
2025-09-13 15:00,A,13,50
2025-09-13 16:00,A,17,50
2025-09-13 17:00,A,15,50
2025-09-13 18:00,A,14,50
2025-09-13 19:00,A,13,50
2025-09-13 20:00,A,14,50
2025-09-13 21:00,A,16,50
2025-09-13 22:00,A,15,50
2025-09-13 23:00,A,11,50
2025-09-13 00:00,B,28,80
2025-09-13 01:00,B,27,80
2025-09-13 02:00,B,21,80
2025-09-13 03:00,B,30,80
2025-09-13 04:00,B,25,80
2025-09-13 05:00,B,24,80
2025-09-13 06:00,B,30,80
2025-09-13 07:00,B,32,80
2025-09-13 08:00,B,23,80
2025-09-13 09:00,B,28,80
2025-09-13 10:00,B,22,80
2025-09-13 11:00,B,37,80
2025-09-13 12:00,B,24,80
2025-09-13 13:00,B,32,80
2025-09-13 14:00,B,23,80
2025-09-13 15:00,B,30,80
2025-09-13 16:00,B,37,80
2025-09-13 17:00,B,14,80
2025-09-13 18:00,B,24,80
2025-09-13 19:00,B,28,80
2025-09-13 20:00,B,26,80
2025-09-13 21:00,B,23,80
2025-09-13 22:00,B,36,80
2025-09-13 23:00,B,26,80
2025-09-13 00:00,C,20,120
2025-09-13 01:00,C,38,120
2025-09-13 02:00,C,19,120
2025-09-13 03:00,C,40,120
2025-09-13 04:00,C,27,120
2025-09-13 05:00,C,33,120
2025-09-13 06:00,C,41,120
2025-09-13 07:00,C,32,120
2025-09-13 08:00,C,21,120
2025-09-13 09:00,C,19,120
2025-09-13 10:00,C,40,120
2025-09-13 11:00,C,37,120
2025-09-13 12:00,C,26,120
2025-09-13 13:00,C,38,120
2025-09-13 14:00,C,35,120
2025-09-13 15:00,C,36,120
2025-09-13 16:00,C,15,120
2025-09-13 17:00,C,29,120
2025-09-13 18:00,C,38,120
2025-09-13 19:00,C,37,120
2025-09-13 20:00,C,38,120
2025-09-13 21:00,C,14,120
2025-09-13 22:00,C,33,120
2025-09-13 23:00,C,35,120
2025-09-14 00:00,A,22,50
2025-09-14 01:00,A,12,50
2025-09-14 02:00,A,13,50
2025-09-14 03:00,A,14,50
2025-09-14 04:00,A,17,50
2025-09-14 05:00,A,13,50
2025-09-14 06:00,A,18,50
2025-09-14 07:00,A,12,50
2025-09-14 08:00,A,15,50
2025-09-14 09:00,A,13,50
2025-09-14 10:00,A,15,50
2025-09-14 11:00,A,12,50
2025-09-14 12:00,A,10,50
2025-09-14 13:00,A,18,50
2025-09-14 14:00,A,15,50
2025-09-14 15:00,A,13,50
2025-09-14 16:00,A,15,50
2025-09-14 17:00,A,17,50
2025-09-14 18:00,A,11,50
2025-09-14 19:00,A,14,50
2025-09-14 20:00,A,16,50
2025-09-14 21:00,A,16,50
2025-09-14 22:00,A,13,50
2025-09-14 23:00,A,8,50
2025-09-14 00:00,B,32,80
2025-09-14 01:00,B,28,80
2025-09-14 02:00,B,26,80
2025-09-14 03:00,B,25,80
2025-09-14 04:00,B,27,80
2025-09-14 05:00,B,24,80
2025-09-14 06:00,B,21,80
2025-09-14 07:00,B,22,80
2025-09-14 08:00,B,23,80
2025-09-14 09:00,B,23,80
2025-09-14 10:00,B,20,80
2025-09-14 11:00,B,29,80
2025-09-14 12:00,B,20,80
2025-09-14 13:00,B,29,80
2025-09-14 14:00,B,21,80
2025-09-14 15:00,B,28,80
2025-09-14 16:00,B,33,80
2025-09-14 17:00,B,27,80
2025-09-14 18:00,B,22,80
2025-09-14 19:00,B,26,80
2025-09-14 20:00,B,27,80
2025-09-14 21:00,B,18,80
2025-09-14 22:00,B,23,80
2025-09-14 23:00,B,27,80
2025-09-14 00:00,C,28,120
2025-09-14 01:00,C,32,120
2025-09-14 02:00,C,37,120
2025-09-14 03:00,C,37,120
2025-09-14 04:00,C,38,120
2025-09-14 05:00,C,36,120
2025-09-14 06:00,C,29,120
2025-09-14 07:00,C,31,120
2025-09-14 08:00,C,30,120
2025-09-14 09:00,C,29,120
2025-09-14 10:00,C,30,120
2025-09-14 11:00,C,19,120
2025-09-14 12:00,C,29,120
2025-09-14 13:00,C,31,120
2025-09-14 14:00,C,24,120
2025-09-14 15:00,C,31,120
2025-09-14 16:00,C,35,120
2025-09-14 17:00,C,30,120
2025-09-14 18:00,C,46,120
2025-09-14 19:00,C,13,120
2025-09-14 20:00,C,30,120
2025-09-14 21:00,C,18,120
2025-09-14 22:00,C,39,120
2025-09-14 23:00,C,51,120
