filename,project_code,extension,size_kb,last_modified
BRG-DRW-003_deck_section.pdf,BRG,pdf,37.7,2025-03-30
BRG-DRW-012_rebar_schedule.pdf,BRG,pdf,31.2,2024-10-12
PLT-DRW-011_site_plan.dwg,PLT,dwg,21.7,2025-06-21
PLT-DRW-015_foundation_detail.rvt,PLT,rvt,58.7,2024-02-13
PLT-PLN-007_foundation_detail.dxf,PLT,dxf,48.3,2025-04-24
PLT-PLN-008_general_arrangement.pdf,PLT,pdf,42.0,2024-06-23
TUN-DRW-004_deck_section.dwg,TUN,dwg,83.8,2024-02-01
TUN-DRW-009_elevation.rvt,TUN,rvt,29.2,2025-01-11
TUN-DRW-010_elevation.pdf,TUN,pdf,21.2,2025-03-17
TUN-MDL-002_general_arrangement.pdf,TUN,pdf,73.3,2024-01-18
TUN-MDL-016_foundation_detail.rvt,TUN,rvt,78.8,2024-11-10
TUN-PLN-014_site_plan.pdf,TUN,pdf,70.7,2025-04-18
WTP-DRW-006_elevation.dxf,WTP,dxf,22.7,2024-04-06
WTP-MDL-001_deck_section.dxf,WTP,dxf,36.4,2024-09-19
WTP-MDL-018_general_arrangement.rvt,WTP,rvt,41.9,2025-08-15
WTP-PLN-005_deck_section.rvt,WTP,rvt,55.4,2024-09-26
WTP-PLN-013_deck_section.dxf,WTP,dxf,85.8,2024-11-13
WTP-PLN-017_piping_layout.rvt,WTP,rvt,30.0,2025-04-07
