timestamp,player_id,x_m,y_m
15:00:00,P07,52.2,32.97
15:00:01,P07,50.72,32.37
15:00:02,P07,49.49,31.8
15:00:03,P07,51.17,32.21
15:00:04,P07,52.65,31.18
15:00:05,P07,54.08,30.67
15:00:06,P07,55.25,30.88
15:00:07,P07,56.18,30.46
15:00:08,P07,57.78,30.57
15:00:09,P07,56.67,31.19
15:00:10,P07,57.75,30.28
15:00:11,P07,58.92,29.43
15:00:12,P07,60.1,28.9
15:00:13,P07,62.1,28.96
15:00:14,P07,63.1,30.01
15:00:15,P07,65.04,29.48
15:00:16,P07,63.84,29.68
15:00:17,P07,64.71,29.27
15:00:18,P07,63.24,29.9
15:00:19,P07,62.15,29.65
15:00:20,P07,63.45,28.71
15:00:21,P07,64.54,29.39
15:00:22,P07,65.92,29.89
15:00:23,P07,65.95,31.16
15:00:24,P07,67.8,31.23
15:00:25,P07,68.61,32.2
15:00:26,P07,69.1,30.74
15:00:27,P07,69.48,31.94
15:00:28,P07,70.75,31.41
15:00:29,P07,72.21,31.35
15:00:30,P07,71.26,30.33
15:00:31,P07,73.13,30.78
15:00:32,P07,73.57,31.83
15:00:33,P07,75.06,31.86
15:00:34,P07,73.5,32.58
15:00:35,P07,72.99,34.06
15:00:36,P07,73.69,32.13
15:00:37,P07,74.43,33.13
15:00:38,P07,75.27,32.85
15:00:39,P07,75.83,34.55
15:00:40,P07,74.81,33.35
15:00:41,P07,76.47,34.64
15:00:42,P07,77.83,35.55
15:00:43,P07,77.69,34.68
15:00:44,P07,77.0,35.45
15:00:45,P07,78.1,35.12
15:00:46,P07,79.13,35.95
15:00:47,P07,80.6,36.44
15:00:48,P07,79.77,37.04
15:00:49,P07,81.15,37.5
15:00:50,P07,82.9,37.28
15:00:51,P07,83.97,37.86
15:00:52,P07,84.27,36.97
15:00:53,P07,85.3,37.34
15:00:54,P07,86.54,38.95
15:00:55,P07,88.21,39.44
15:00:56,P07,89.48,38.68
15:00:57,P07,88.2,38.39
15:00:58,P07,88.23,37.35
15:00:59,P07,89.38,38.53
15:01:00,P07,88.35,41.91
15:01:01,P07,89.28,44.88
15:01:02,P07,93.07,44.84
15:01:03,P07,96.52,44.15
15:01:04,P07,99.21,44.54
15:01:05,P07,102.14,44.92
15:01:06,P07,104.5,46.07
15:01:07,P07,102.45,47.6
15:01:08,P07,104.5,46.12
15:01:09,P07,104.5,46.14
15:01:10,P07,104.5,47.79
15:01:11,P07,102.13,45.46
15:01:12,P07,102.02,48.32
15:01:13,P07,101.19,45.15
15:01:14,P07,100.7,42.26
15:01:15,P07,101.14,45.12
15:01:16,P07,101.81,48.18
15:01:17,P07,100.99,45.03
15:01:18,P07,98.17,46.07
15:01:19,P07,99.03,43.23
15:01:20,P07,102.58,43.62
15:01:21,P07,101.89,46.74
15:01:22,P07,104.21,48.04
15:01:23,P07,103.8,45.19
15:01:24,P07,104.27,48.11
15:01:25,P07,102.3,45.64
15:01:26,P07,101.46,48.38
15:01:27,P07,102.28,44.96
15:01:28,P07,104.5,43.25
15:01:29,P07,104.5,42.78
15:01:30,P07,103.13,45.98
15:01:31,P07,104.5,44.22
15:01:32,P07,103.85,41.27
15:01:33,P07,104.5,39.14
15:01:34,P07,104.5,35.87
15:01:35,P07,104.5,33.18
15:01:36,P07,104.5,30.37
15:01:37,P07,104.5,27.51
15:01:38,P07,104.5,27.92
15:01:39,P07,104.5,29.56
15:01:40,P07,103.78,32.77
15:01:41,P07,104.5,31.97
15:01:42,P07,104.5,32.43
15:01:43,P07,104.5,33.14
15:01:44,P07,104.5,35.13
15:01:45,P07,104.5,36.1
15:01:46,P07,104.5,36.83
15:01:47,P07,104.5,34.34
15:01:48,P07,101.74,36.05
15:01:49,P07,104.5,36.07
15:01:50,P07,104.5,39.02
15:01:51,P07,104.5,42.63
15:01:52,P07,104.5,43.35
15:01:53,P07,104.5,42.29
15:01:54,P07,104.5,41.4
15:01:55,P07,104.5,38.88
15:01:56,P07,104.5,35.86
15:01:57,P07,104.44,32.49
15:01:58,P07,104.5,33.93
15:01:59,P07,104.5,31.72
15:02:00,P07,104.5,28.78
15:02:01,P07,104.5,26.85
15:02:02,P07,104.5,26.74
15:02:03,P07,104.5,29.64
15:02:04,P07,104.5,28.33
15:02:05,P07,103.77,25.67
15:02:06,P07,104.5,27.99
15:02:07,P07,104.5,30.69
15:02:08,P07,104.5,29.99
15:02:09,P07,104.5,27.68
15:02:10,P07,104.5,26.17
15:02:11,P07,104.5,25.58
15:02:12,P07,104.5,27.09
15:02:13,P07,104.5,26.6
15:02:14,P07,104.5,29.64
15:02:15,P07,104.5,32.85
15:02:16,P07,104.5,33.86
15:02:17,P07,102.54,31.18
15:02:18,P07,104.5,31.62
15:02:19,P07,101.61,32.73
15:02:20,P07,103.67,30.22
15:02:21,P07,104.5,32.25
15:02:22,P07,104.5,32.01
15:02:23,P07,104.5,29.79
15:02:24,P07,104.5,26.96
15:02:25,P07,104.5,25.15
15:02:26,P07,104.5,22.42
15:02:27,P07,104.5,21.76
15:02:28,P07,104.5,24.82
15:02:29,P07,104.5,25.55
15:02:30,P07,104.4,22.36
15:02:31,P07,104.5,23.07
15:02:32,P07,104.5,24.78
15:02:33,P07,104.5,21.89
15:02:34,P07,104.5,22.6
15:02:35,P07,104.5,24.41
15:02:36,P07,104.29,21.33
15:02:37,P07,104.5,22.08
15:02:38,P07,104.5,24.19
15:02:39,P07,104.5,22.22
15:02:40,P07,102.8,24.74
15:02:41,P07,104.5,27.7
15:02:42,P07,104.5,24.82
15:02:43,P07,103.12,27.57
15:02:44,P07,104.5,26.41
15:02:45,P07,104.5,26.99
15:02:46,P07,104.5,27.03
15:02:47,P07,104.5,30.34
15:02:48,P07,104.5,29.02
15:02:49,P07,102.57,31.66
15:02:50,P07,102.1,28.38
15:02:51,P07,104.5,29.49
15:02:52,P07,104.5,27.18
15:02:53,P07,104.5,26.05
15:02:54,P07,104.5,23.9
15:02:55,P07,102.57,21.94
15:02:56,P07,104.5,20.08
15:02:57,P07,101.93,21.67
15:02:58,P07,102.74,25.02
15:02:59,P07,104.5,26.11
15:03:00,P07,98.54,31.64
15:03:01,P07,92.58,37.18
15:03:02,P07,98.75,31.45
15:03:03,P07,92.61,37.15
15:03:04,P07,98.68,31.51
15:03:05,P07,92.64,37.12
15:03:06,P07,98.33,31.84
15:03:07,P07,92.48,37.26
15:03:08,P07,98.58,31.61
15:03:09,P07,92.65,37.11
15:03:10,P07,98.49,31.69
15:03:11,P07,92.4,37.34
15:03:12,P07,98.2,31.96
15:03:13,P07,92.34,37.4
15:03:14,P07,98.55,31.63
15:03:15,P07,92.62,37.14
15:03:16,P07,98.95,31.26
15:03:17,P07,92.82,36.95
15:03:18,P07,99.01,31.2
15:03:19,P07,92.75,37.02
15:03:20,P07,98.28,31.89
15:03:21,P07,92.29,37.45
15:03:22,P07,98.01,32.14
15:03:23,P07,92.1,37.62
15:03:24,P07,98.09,32.06
15:03:25,P07,91.8,37.9
15:03:26,P07,97.8,32.33
15:03:27,P07,91.42,38.25
15:03:28,P07,97.32,32.78
15:03:29,P07,91.32,38.35
15:03:30,P07,92.64,41.29
15:03:31,P07,94.96,39.12
15:03:32,P07,94.55,36.05
15:03:33,P07,96.75,38.87
15:03:34,P07,99.9,39.97
15:03:35,P07,102.55,38.54
15:03:36,P07,104.5,35.72
15:03:37,P07,103.49,38.51
15:03:38,P07,104.5,39.78
15:03:39,P07,104.5,40.54
15:03:40,P07,104.5,38.68
15:03:41,P07,104.5,40.46
15:03:42,P07,104.5,39.38
15:03:43,P07,104.5,37.55
15:03:44,P07,104.5,35.41
15:03:45,P07,104.5,38.25
15:03:46,P07,104.5,36.26
15:03:47,P07,104.5,37.53
15:03:48,P07,104.5,34.13
15:03:49,P07,104.5,31.04
15:03:50,P07,104.5,27.9
15:03:51,P07,104.5,25.72
15:03:52,P07,104.5,22.76
15:03:53,P07,104.5,23.34
15:03:54,P07,104.5,24.37
15:03:55,P07,104.5,21.69
15:03:56,P07,104.5,21.58
15:03:57,P07,104.5,22.75
15:03:58,P07,104.5,20.49
15:03:59,P07,104.5,20.85
15:04:00,P07,104.5,22.67
15:04:01,P07,104.5,24.89
15:04:02,P07,104.5,23.38
15:04:03,P07,104.5,26.01
15:04:04,P07,104.5,28.49
15:04:05,P07,104.5,31.66
15:04:06,P07,104.5,33.67
15:04:07,P07,103.19,36.05
15:04:08,P07,102.92,33.03
15:04:09,P07,104.5,34.25
15:04:10,P07,104.5,37.54
15:04:11,P07,103.99,40.58
15:04:12,P07,104.5,38.51
15:04:13,P07,104.5,39.33
15:04:14,P07,104.5,40.82
15:04:15,P07,103.72,43.24
15:04:16,P07,104.5,45.37
15:04:17,P07,104.5,45.94
15:04:18,P07,103.49,42.96
15:04:19,P07,104.5,45.25
15:04:20,P07,102.18,43.58
15:04:21,P07,103.77,41.03
15:04:22,P07,104.5,40.96
15:04:23,P07,104.5,43.55
15:04:24,P07,104.5,44.15
15:04:25,P07,104.5,42.09
15:04:26,P07,104.5,41.7
15:04:27,P07,104.5,42.54
15:04:28,P07,104.5,39.97
15:04:29,P07,104.5,39.46
15:04:30,P07,104.5,40.66
15:04:31,P07,104.5,41.45
15:04:32,P07,104.5,44.45
15:04:33,P07,104.5,45.58
15:04:34,P07,104.5,48.29
15:04:35,P07,104.5,51.52
15:04:36,P07,104.5,53.7
15:04:37,P07,104.5,55.42
15:04:38,P07,104.5,58.24
15:04:39,P07,104.5,55.77
15:04:40,P07,104.5,53.74
15:04:41,P07,104.5,54.32
15:04:42,P07,104.5,54.69
15:04:43,P07,104.5,57.37
15:04:44,P07,101.81,55.83
15:04:45,P07,102.86,58.73
15:04:46,P07,104.5,56.46
15:04:47,P07,104.5,58.62
15:04:48,P07,104.5,61.83
15:04:49,P07,104.5,59.15
15:04:50,P07,104.5,60.32
15:04:51,P07,104.5,61.86
15:04:52,P07,104.5,63.66
15:04:53,P07,104.5,64.98
15:04:54,P07,104.5,63.87
15:04:55,P07,104.5,66.51
15:04:56,P07,104.5,67.5
15:04:57,P07,104.5,67.5
15:04:58,P07,104.5,64.3
15:04:59,P07,104.5,61.2
15:05:00,P07,104.5,59.98
15:05:01,P07,104.5,60.46
15:05:02,P07,103.89,59.97
15:05:03,P07,103.58,58.88
15:05:04,P07,102.92,59.82
15:05:05,P07,103.91,60.26
15:05:06,P07,104.5,60.66
15:05:07,P07,104.24,61.8
15:05:08,P07,104.5,62.28
15:05:09,P07,104.5,61.05
15:05:10,P07,104.5,61.13
15:05:11,P07,104.5,62.15
15:05:12,P07,103.44,60.87
15:05:13,P07,104.32,60.32
15:05:14,P07,104.5,60.76
15:05:15,P07,104.5,60.96
15:05:16,P07,104.5,60.31
15:05:17,P07,104.5,59.71
15:05:18,P07,104.5,59.57
15:05:19,P07,104.5,58.5
15:05:20,P07,104.5,57.28
15:05:21,P07,104.5,58.19
15:05:22,P07,104.5,57.25
15:05:23,P07,104.5,57.7
15:05:24,P07,103.3,57.28
15:05:25,P07,103.64,57.02
15:05:26,P07,104.5,56.68
15:05:27,P07,104.5,55.47
15:05:28,P07,104.5,57.21
15:05:29,P07,104.5,57.72
15:05:30,P07,104.5,57.88
15:05:31,P07,104.5,58.4
15:05:32,P07,104.5,59.23
15:05:33,P07,104.5,58.83
15:05:34,P07,104.5,57.9
15:05:35,P07,104.5,58.61
15:05:36,P07,104.5,58.16
15:05:37,P07,104.5,56.75
15:05:38,P07,104.5,57.16
15:05:39,P07,104.5,55.87
15:05:40,P07,104.5,56.11
15:05:41,P07,104.5,57.53
15:05:42,P07,104.5,56.91
15:05:43,P07,104.5,55.83
15:05:44,P07,103.95,55.05
15:05:45,P07,104.0,54.23
15:05:46,P07,104.5,54.37
15:05:47,P07,104.5,54.28
15:05:48,P07,104.5,55.45
15:05:49,P07,104.5,55.75
15:05:50,P07,104.5,56.71
15:05:51,P07,104.5,56.92
15:05:52,P07,104.28,57.38
15:05:53,P07,103.1,56.49
15:05:54,P07,102.99,55.45
15:05:55,P07,103.59,55.13
15:05:56,P07,103.91,56.02
15:05:57,P07,104.17,55.01
15:05:58,P07,104.5,55.54
15:05:59,P07,104.5,56.34
15:06:00,P07,104.5,54.05
15:06:01,P07,104.5,51.4
15:06:02,P07,104.5,50.02
15:06:03,P07,104.5,48.63
15:06:04,P07,103.81,45.5
15:06:05,P07,104.5,43.09
15:06:06,P07,102.95,40.54
15:06:07,P07,102.72,37.38
15:06:08,P07,103.28,40.62
15:06:09,P07,104.5,38.89
15:06:10,P07,104.5,38.04
15:06:11,P07,104.5,38.23
15:06:12,P07,104.5,39.63
15:06:13,P07,103.05,37.2
15:06:14,P07,104.5,34.46
15:06:15,P07,104.5,35.59
15:06:16,P07,104.5,32.57
15:06:17,P07,104.5,29.73
15:06:18,P07,104.5,28.0
15:06:19,P07,104.5,30.42
15:06:20,P07,103.94,27.74
15:06:21,P07,104.26,31.14
15:06:22,P07,104.5,28.71
15:06:23,P07,104.5,30.71
15:06:24,P07,102.56,27.8
15:06:25,P07,103.61,24.82
15:06:26,P07,104.5,26.59
15:06:27,P07,104.5,24.74
15:06:28,P07,104.39,27.86
15:06:29,P07,104.5,27.31
15:06:30,P07,104.5,27.69
15:06:31,P07,104.5,26.04
15:06:32,P07,104.5,28.18
15:06:33,P07,104.5,25.84
15:06:34,P07,103.8,22.9
15:06:35,P07,104.5,24.65
15:06:36,P07,101.44,22.79
15:06:37,P07,99.88,25.31
15:06:38,P07,98.31,23.01
15:06:39,P07,97.45,26.15
15:06:40,P07,98.83,23.07
15:06:41,P07,101.84,24.57
15:06:42,P07,104.5,25.97
15:06:43,P07,104.5,29.33
15:06:44,P07,104.5,32.73
15:06:45,P07,102.64,30.19
15:06:46,P07,101.91,26.91
15:06:47,P07,102.64,23.11
15:06:48,P07,101.08,20.97
15:06:49,P07,104.21,22.07
15:06:50,P07,104.5,23.14
15:06:51,P07,104.5,25.54
15:06:52,P07,103.84,22.62
15:06:53,P07,104.5,24.61
15:06:54,P07,104.5,23.71
15:06:55,P07,104.5,26.81
15:06:56,P07,104.5,29.58
15:06:57,P07,104.5,29.79
15:06:58,P07,104.5,29.27
15:06:59,P07,103.41,26.23
15:07:00,P07,97.51,32.42
15:07:01,P07,91.47,38.75
15:07:02,P07,97.21,32.73
15:07:03,P07,91.25,38.98
15:07:04,P07,97.15,32.79
15:07:05,P07,91.68,38.53
15:07:06,P07,97.49,32.44
15:07:07,P07,91.44,38.79
15:07:08,P07,97.05,32.9
15:07:09,P07,91.11,39.12
15:07:10,P07,97.11,32.83
15:07:11,P07,91.44,38.78
15:07:12,P07,97.32,32.61
15:07:13,P07,91.21,39.02
15:07:14,P07,97.29,32.65
15:07:15,P07,91.56,38.66
15:07:16,P07,97.7,32.22
15:07:17,P07,91.7,38.51
15:07:18,P07,97.66,32.26
15:07:19,P07,91.41,38.81
15:07:20,P07,97.5,32.43
15:07:21,P07,91.49,38.73
15:07:22,P07,97.62,32.3
15:07:23,P07,91.55,38.67
15:07:24,P07,97.74,32.17
15:07:25,P07,91.83,38.37
15:07:26,P07,97.4,32.53
15:07:27,P07,91.15,39.08
15:07:28,P07,97.25,32.69
15:07:29,P07,91.21,39.03
15:07:30,P07,94.4,38.66
15:07:31,P07,95.77,35.74
15:07:32,P07,99.19,36.06
15:07:33,P07,101.97,36.94
15:07:34,P07,104.5,36.81
15:07:35,P07,101.14,36.67
15:07:36,P07,103.7,38.0
15:07:37,P07,104.5,39.62
15:07:38,P07,104.5,37.83
15:07:39,P07,104.5,37.77
15:07:40,P07,104.5,40.46
15:07:41,P07,104.5,42.16
15:07:42,P07,104.5,39.18
15:07:43,P07,104.5,38.42
15:07:44,P07,104.5,39.54
15:07:45,P07,104.5,42.09
15:07:46,P07,101.99,39.65
15:07:47,P07,99.6,39.76
15:07:48,P07,96.96,37.91
15:07:49,P07,96.58,41.4
15:07:50,P07,96.74,43.89
15:07:51,P07,100.15,43.78
15:07:52,P07,102.84,45.09
15:07:53,P07,104.5,45.63
15:07:54,P07,104.5,44.05
15:07:55,P07,104.5,47.13
15:07:56,P07,104.5,48.87
15:07:57,P07,104.5,45.18
15:07:58,P07,104.5,45.88
15:07:59,P07,101.29,44.33
15:08:00,P07,104.14,43.2
15:08:01,P07,101.22,44.62
15:08:02,P07,104.46,44.25
15:08:03,P07,104.5,47.3
15:08:04,P07,103.2,50.17
15:08:05,P07,103.44,52.99
15:08:06,P07,104.5,56.15
15:08:07,P07,104.5,55.1
15:08:08,P07,104.5,56.12
15:08:09,P07,104.5,53.73
15:08:10,P07,104.5,56.23
15:08:11,P07,104.5,53.71
15:08:12,P07,104.5,56.94
15:08:13,P07,104.5,60.1
15:08:14,P07,104.5,58.2
15:08:15,P07,104.5,58.8
15:08:16,P07,104.5,59.19
15:08:17,P07,104.5,61.04
15:08:18,P07,104.5,58.31
15:08:19,P07,104.5,59.97
15:08:20,P07,104.5,60.1
15:08:21,P07,104.5,60.14
15:08:22,P07,104.5,60.23
15:08:23,P07,104.5,60.38
15:08:24,P07,104.47,60.33
15:08:25,P07,104.44,60.31
15:08:26,P07,104.5,59.38
15:08:27,P07,104.5,59.47
15:08:28,P07,104.5,59.4
15:08:29,P07,104.28,59.25
15:08:30,P07,104.19,59.27
15:08:31,P07,104.5,59.08
15:08:32,P07,104.25,59.3
15:08:33,P07,104.5,59.59
15:08:34,P07,104.31,59.58
15:08:35,P07,104.4,59.85
15:08:36,P07,104.5,59.91
15:08:37,P07,104.5,59.97
15:08:38,P07,104.5,59.89
15:08:39,P07,104.44,59.99
15:08:40,P07,104.5,59.84
15:08:41,P07,104.5,59.44
15:08:42,P07,104.44,59.33
15:08:43,P07,104.5,59.5
15:08:44,P07,104.5,59.16
15:08:45,P07,104.5,59.01
15:08:46,P07,104.5,59.09
15:08:47,P07,104.5,58.91
15:08:48,P07,104.5,58.92
15:08:49,P07,104.5,58.58
15:08:50,P07,104.5,58.51
15:08:51,P07,104.5,58.49
15:08:52,P07,104.49,58.37
15:08:53,P07,104.5,58.35
15:08:54,P07,104.5,58.28
15:08:55,P07,104.5,58.69
15:08:56,P07,104.5,58.76
15:08:57,P07,104.3,58.67
15:08:58,P07,104.5,58.13
15:08:59,P07,104.5,58.53
15:09:00,P07,104.5,58.39
15:09:01,P07,104.5,58.22
15:09:02,P07,104.5,58.24
15:09:03,P07,104.5,58.02
15:09:04,P07,104.5,57.69
15:09:05,P07,104.5,57.89
15:09:06,P07,104.37,57.92
15:09:07,P07,104.5,58.04
15:09:08,P07,104.5,58.08
15:09:09,P07,104.37,57.96
15:09:10,P07,104.45,57.91
15:09:11,P07,104.5,58.28
15:09:12,P07,104.5,58.22
15:09:13,P07,104.35,58.58
15:09:14,P07,104.5,58.81
15:09:15,P07,104.33,58.8
15:09:16,P07,104.5,58.41
15:09:17,P07,104.5,58.37
15:09:18,P07,104.3,58.12
15:09:19,P07,104.44,58.2
15:09:20,P07,104.5,61.08
15:09:21,P07,104.5,59.17
15:09:22,P07,104.5,56.41
15:09:23,P07,104.5,55.87
15:09:24,P07,104.5,53.02
15:09:25,P07,104.5,56.04
15:09:26,P07,104.5,52.73
15:09:27,P07,104.5,56.04
15:09:28,P07,104.5,58.66
15:09:29,P07,104.5,56.14
15:09:30,P07,104.5,57.78
15:09:31,P07,104.5,58.59
15:09:32,P07,104.5,55.66
15:09:33,P07,104.5,54.64
15:09:34,P07,104.5,56.71
15:09:35,P07,104.5,54.22
15:09:36,P07,104.5,51.57
15:09:37,P07,104.5,53.94
15:09:38,P07,104.5,54.82
15:09:39,P07,104.5,53.67
15:09:40,P07,104.5,56.4
15:09:41,P07,104.5,52.83
15:09:42,P07,104.5,53.19
15:09:43,P07,104.5,51.4
15:09:44,P07,104.5,51.04
15:09:45,P07,104.5,50.61
15:09:46,P07,104.5,51.68
15:09:47,P07,104.5,49.61
15:09:48,P07,104.5,50.68
15:09:49,P07,104.5,50.06
15:09:50,P07,104.5,52.69
15:09:51,P07,104.5,50.99
15:09:52,P07,104.5,47.72
15:09:53,P07,104.5,48.7
15:09:54,P07,104.5,47.01
15:09:55,P07,104.5,49.08
15:09:56,P07,104.5,47.37
15:09:57,P07,103.39,50.26
15:09:58,P07,104.09,53.38
15:09:59,P07,103.89,50.16
