meter_id,days,mean_liters,median_liters,max_liters
M001,83,267.9,268.2,436.1
M002,82,298.9,293.3,401.1
M003,87,186.3,183.1,345.8
M004,83,235.3,240.1,325.0
M005,84,160.0,160.0,248.9
M006,86,267.0,274.4,379.4
M007,82,333.2,340.2,454.2
M008,78,167.0,165.6,269.4
M009,82,392.7,395.2,511.2
M010,81,210.3,209.6,326.7
M011,82,361.9,364.2,474.4
M012,83,316.4,314.4,427.5
M013,86,201.2,202.9,286.2
M014,85,282.9,281.1,391.5
M015,85,184.7,186.3,306.5
M016,88,140.8,137.8,225.4
M017,81,419.8,419.4,523.8
M018,82,220.2,221.4,315.4
M019,81,364.2,368.8,460.4
M020,82,228.5,226.3,359.6
M021,85,309.8,308.9,414.9
M022,83,303.6,307.0,441.4
M023,83,270.5,273.1,371.8
M024,82,344.7,342.4,445.7
M025,85,416.8,420.1,509.8
M026,81,170.0,166.8,273.7
M027,84,351.4,354.0,468.1
M028,80,334.7,335.8,430.1
M029,87,388.7,385.6,506.8
M030,80,267.9,272.2,380.6
M031,81,234.6,231.3,374.8
M032,81,136.6,131.6,240.9
M033,84,201.9,202.6,306.1
M034,85,408.1,411.3,521.0
M035,83,402.8,399.5,519.8
M036,80,226.6,229.8,325.7
M037,85,335.6,340.5,443.8
M038,82,345.3,342.9,437.1
M039,82,352.8,351.6,433.2
M040,82,416.1,419.8,521.2
