meter_id,date,daily_liters
M030,2025-08-06,379.8
M016,2025-07-25,162.3
M035,2025/07/07,396.8
M034,2025-08-29,380.0
M009,2025/08/22,373.9
M023,2025-07-30,289.5
M018,2025-07-06,170.3
M002,2025/07/17,
M007,2025/07/23,309.5
M019,2025-06-24,299.2
M035,2025-07-13,324.6
M011,2025-08-06,289.5
M028,2025-08-08,290.3
M002,2025/07/29,305.2
M006,2025-07-19,224.1
M038,2025-07-12,343.2
M021,2025/08/26,359.2
M032,2025-06-15,
M025,2025-06-10,441.0
M036,2025/08/14,269.9
M001,2025-06-01,280.8
M002,2025-06-28,263.6
M007,2025/08/20,338.0
M014,2025/08/08,293.0
M006,2025/07/23,241.3
M009,2025-08-06,-19.0
M024,2025-08-09,269.2
M020,2025-07-18,269.4
M018,2025/08/18,257.3
M016,2025-07-28,115.3
M032 ,2025/06/08,161.5
M036,2025-07-12,262.6
M038,2025/06/28,351.8
M021,2025-06-09,340.8
M034,2025/07/01,424.3
M032,2025-07-11,111.7
M025,2025/08/05,395.9
M032,2025-07-13,73.5
M012,2025-08-07,250.5
M012,2025/08/06,309.3
M018,2025-06-09,201.4
M022,2025-06-07,371.5
M015,2025/08/05,122.7
M002,2025/06/23,351.0
M008,2025-08-25,123.6
M019,2025-08-01,395.4
M026,2025/06/28,150.4
M031,2025/08/05,254.8
M022,2025-08-19,333.4
M025,2025-07-27,352.7
M018,2025/06/10,278.5
M020,2025-06-14,-52.2
M037,2025-06-09,212.7
M026,2025-06-06,129.8
M037,2025-07-21,340.5
M015,2025-07-18,131.8
M004,2025-06-24,199.1
M011,2025-07-27,354.9
M036,2025-06-14,228.7
M009,2025-08-17,423.6
M017,2025-07-06,430.3
M004,2025-06-17,200.3
M017,2025-08-17,451.2
M031,2025-08-02,266.8
M021,2025/06/01,283.1
M021,2025/07/04,323.8
M005 ,2025-06-06,102.4
M006,2025-06-10,272.7
M001,2025/06/05,247.7
M024,2025-07-16,
M009,2025-07-13,400.4
M002,2025-08-12,288.7
M028,2025-07-15,249.6
M031,2025-06-11,232.2
M011,2025-06-22,381.2
M030,2025-08-20,313.4
M036,2025-07-27,315.8
M035,2025-07-14,446.7
M028,2025-07-02,327.0
M014,2025-06-17,289.7
M005,2025-06-05,184.9
M023,2025-08-04,300.2
M027,2025-06-17,
M031,2025/08/28,150.7
M023,2025-07-07,216.7
M033,2025-08-17,179.8
M002,2025/08/11,249.2
M031,2025/08/22,-55.6
M028,2025-08-14,353.5
M007,2025/07/09,268.1
M033,2025/08/11,211.0
M034,2025/07/14,446.5
M015,2025-08-27,147.4
M024,2025-06-07,259.6
M027,2025-06-05,422.2
M004,2025-08-27,267.2
M027,2025-06-14,330.7
M038,2025-06-07,419.7
M011,2025/08/12,294.4
M014,2025-08-26,247.8
M027,2025/06/29,350.3
M035,2025-07-04,400.5
M010,2025-07-18,99999.0
M010,2025-06-21,244.5
M040,2025-07-10,400.1
M008,2025-06-11,197.7
M008,2025-07-17,158.9
M013,2025-08-13,165.9
M031,2025/07/25,158.0
M014,2025-07-04,299.2
M038,2025/06/15,313.0
M004,2025-08-11,231.1
M028,2025-08-15,356.3
M017,2025-08-06,436.8
M037,2025/08/23,379.3
M026,2025-06-19,135.3
M018,2025-06-21,
M005,2025-07-13,221.8
M005,2025-08-28,89.0
M014,2025/06/09,271.4
M028,2025-08-20,285.2
M008,2025/07/16,
M035,2025-07-05,457.0
M017,2025/08/03,438.6
M024,2025/07/08,338.7
M005,2025/07/22,132.0
M016,2025/07/30,197.2
M010,2025-06-23,182.8
M024,2025/06/21,326.7
M023,2025/06/23,282.5
M025,2025-06-23,402.6
M017,2025/07/12,457.3
M008,2025/06/20,155.9
M017,2025/06/12,472.6
M010,2025/08/08,145.9
M030,2025-07-28,282.8
M024,2025-06-09,398.0
M040,2025/07/25,401.8
M007,2025-08-14,278.1
M021,2025/06/29,229.7
M009,2025/06/28,403.9
M010,2025/06/19,175.1
M035,2025-07-16,464.2
M031,2025/07/20,235.5
M039,2025-06-29,423.6
M025,2025/08/09,449.3
M012 ,2025-07-27,308.7
M001,2025-07-09,238.3
M011,2025-06-20,474.4
M032,2025/08/25,67.5
M017,2025/08/26,440.2
M004,2025-08-21,229.7
M033,2025-07-25,188.5
M030,2025/07/07,263.4
M027,2025-08-06,266.7
M014,2025-08-05,221.8
M005,2025-08-26,129.8
M034,2025-07-09,512.3
M024,2025-06-03,328.1
M023,2025/08/10,302.9
M032,2025-06-09,98.9
M011,2025-06-19,329.5
M015,2025/08/19,177.3
M013,2025-07-02,105.4
M039,2025-08-08,345.1
M022,2025/07/11,373.7
M017 ,2025-06-20,331.1
M020,2025-08-28,136.9
M013,2025-06-19,210.9
M027,2025/08/09,327.7
M008,2025/07/31,150.8
M010,2025-06-15,270.1
M007,2025-06-29,376.5
M009,2025-08-07,396.1
M018,2025/08/20,156.3
M040,2025-06-17,380.2
M019,2025-07-09,325.4
M007,2025-07-03,392.1
M023,2025/08/22,242.7
M013,2025-06-30,242.5
M018,2025-07-21,212.4
M011,2025-06-07,443.0
M012,2025-06-17,347.9
M012,2025-07-28,315.4
M007,2025/06/23,260.8
M020,2025-07-26,158.2
M018,2025-07-19,241.2
M010,2025/06/13,264.3
M012,2025/07/08,314.4
M036,2025-06-27,268.1
M023,2025-08-13,263.2
M038,2025-08-05,359.9
M023,2025/06/22,293.0
M039,2025-07-21,397.2
M036,2025-06-16,271.0
M039,2025/08/06,304.7
M031,2025/06/20,222.2
M021,2025-07-30,281.7
M023,2025/07/20,315.7
M004,2025/07/13,209.0
M015,2025-08-07,144.6
M019,2025/06/14,414.3
M006,2025-08-24,335.1
M027,2025/06/19,285.1
M028,2025-06-01,404.2
M020,2025-08-18,210.4
M027,2025/07/09,343.9
M010,2025/08/21,243.5
M009,2025-06-17,378.6
M008,2025/06/19,207.1
M030,2025-06-08,211.0
M028,2025/08/27,-23.3
M034,2025-07-27,405.8
M033,2025-08-08,164.4
M010,2025-06-01,184.1
M017,2025-08-18,
M033,2025-08-01,171.9
M007,2025-07-22,277.2
M021,2025-08-25,263.1
M040,2025-07-08,446.7
M033,2025-07-06,278.7
M002,2025-06-24,309.2
M014,2025-06-15,346.4
M036,2025-08-05,264.7
M037,2025-06-15,330.9
M034,2025-06-09,318.2
M009,2025-08-21,384.1
M021,2025-06-07,378.4
M031,2025-08-03,302.1
M015,2025-07-02,172.3
M007,2025-08-27,296.5
M011 ,2025-08-13,368.4
M040,2025/08/25,373.9
M007,2025-06-06,265.0
M015,2025-07-13,189.0
M025,2025-06-14,411.2
M021,2025-08-18,246.7
M030,2025-06-25,298.2
M031,2025/07/29,251.0
M018,2025/06/02,139.1
M029,2025-08-01,342.4
M021,2025-07-05,377.4
M028,2025-08-23,417.5
M013,2025-07-24,161.0
M006,2025-08-01,
M003,2025-08-26,164.5
M036,2025/06/24,
M012,2025-07-21,332.9
M024 ,2025-07-31,325.6
M028,2025/08/28,376.9
M026,2025-06-09,173.7
M033,2025/07/28,187.8
M039,2025-07-19,358.6
M026,2025-07-24,113.1
M033,2025/06/10,195.3
M009,2025/06/06,442.3
M021,2025-08-08,321.3
M037,2025-08-02,379.4
M021,2025/06/17,353.1
M008,2025/08/07,154.0
M039,2025-07-26,290.4
M003,2025-06-09,187.0
M025,2025/08/12,416.6
M019,2025-08-05,341.6
M008,2025/06/17,116.9
M032,2025-07-18,59.2
M018,2025-06-29,249.1
M007,2025/08/01,265.1
M033,2025-08-02,269.4
M010,2025/08/22,173.5
M015,2025/06/04,175.1
M026,2025-07-18,109.3
M001,2025-07-20,268.2
M033,2025-08-18,
M006,2025-06-11,208.5
M018,2025-06-28,266.7
M032,2025-06-26,-38.5
M013,2025/07/30,181.2
M022,2025-07-07,
M010,2025-07-31,208.8
M002,2025-06-17,361.1
M020,2025/07/14,
M011,2025-07-20,432.8
M020,2025/08/01,296.9
M001,2025-06-18,183.9
M020,2025-08-21,281.1
M004,2025/07/20,240.1
M036 ,2025-06-12,189.9
M011,2025/07/23,324.2
M035,2025-07-30,349.3
M025,2025-06-03,418.8
M039,2025/08/01,428.3
M013,2025/07/27,
M015,2025-06-06,156.8
M029,2025/07/02,346.9
M026,2025/06/05,123.6
M035,2025-08-08,
M012,2025/07/14,341.8
M010,2025-07-25,233.3
M022,2025-07-31,328.7
M009,2025-07-25,298.8
M003,2025/06/19,206.0
M012,2025/07/18,414.5
M009,2025-06-22,419.7
M017,2025-07-14,402.9
M003,2025/08/19,146.6
M013,2025-08-05,145.3
M032,2025-07-06,175.4
M020,2025-06-24,214.7
M023,2025/06/05,217.6
M013,2025-06-29,137.7
M035,2025-07-08,-54.5
M003,2025-07-01,-55.3
M003,2025/07/25,230.1
M008,2025-08-22,76.3
M008,2025-06-04,149.8
M018,2025-06-07,277.0
M032,2025/06/06,135.1
M008,2025-08-13,244.5
M003,2025-06-08,187.2
M039,2025-08-18,341.6
M010,2025-08-11,129.1
M003,2025/08/05,235.0
M034,2025/07/24,345.1
M025,2025-08-23,
M037,2025/07/18,313.5
M001,2025-08-03,436.1
M039,2025-07-03,366.3
M004,2025-06-18,251.7
M022,2025-08-01,256.0
M026,2025/07/17,166.8
M019,2025/06/23,436.6
M025,2025-06-12,479.8
M035,2025-06-30,397.5
M001,2025-08-07,296.9
M024,2025-07-28,373.1
M026,2025-06-27,213.6
M026,2025-07-03,123.7
M036,2025-07-17,228.4
M002,2025-06-13,255.2
M010,2025-07-23,243.9
M003,2025-07-22,249.9
M025,2025-06-16,397.1
M005,2025-07-10,130.2
M024,2025-06-28,388.4
M032,2025/07/28,182.5
M019,2025/06/17,
M020,2025/06/01,184.9
M021,2025-07-08,351.2
M014,2025/08/15,242.7
M032,2025/08/06,162.9
M040,2025-06-22,439.4
M032,2025-07-12,240.0
M036,2025-08-21,187.0
M039,2025-06-06,365.7
M025,2025/08/26,442.1
M010,2025-08-07,
M028,2025/08/29,338.6
M006,2025-07-04,253.7
M015,2025-07-06,99999.0
M026,2025/06/02,-30.5
M016,2025-08-20,169.4
M007,2025-07-25,391.9
M024,2025/06/11,366.5
M003,2025-06-30,149.3
M032,2025/08/15,203.8
M016,2025-06-19,94.2
M014,2025-07-27,293.5
M021,2025-07-23,304.0
M024,2025-07-15,-34.4
M036,2025-08-11,107.4
M040,2025/06/20,414.4
M023,2025/07/15,247.6
M036,2025/08/28,
M034,2025/07/13,521.0
M031,2025-06-28,374.8
M023,2025/07/31,297.5
M028,2025-06-24,319.6
M021,2025-07-18,
M027,2025-07-11,354.0
M038,2025/06/27,314.2
M024,2025-06-27,285.3
M001,2025-07-28,218.2
M020,2025-07-13,253.4
M010,2025-07-16,208.9
M029,2025-06-03,430.5
M011,2025/08/23,396.8
M031,2025-08-19,-29.7
M003,2025-07-18,207.9
M017,2025-08-09,373.5
M013,2025-08-22,223.8
M026,2025-06-23,159.7
M026,2025-06-18,139.2
M040,2025-07-19,482.3
M029,2025-08-05,298.1
M035,2025-06-12,375.6
M021,2025-07-22,244.2
M016,2025/08/10,225.4
M029,2025-07-27,341.0
M003,2025-07-06,219.6
M018,2025-08-28,237.1
M006,2025-08-25,241.6
M030,2025-08-12,
M034,2025-08-18,324.5
M011,2025/07/03,402.1
M015,2025/08/18,-15.0
M012,2025/08/11,303.7
M010,2025/08/03,-57.1
M005,2025-06-04,97.2
M004,2025-08-08,154.4
M019,2025-06-28,309.7
M030,2025/08/25,207.9
M026,2025-06-12,172.4
M001,2025-06-04,326.4
M021,2025/06/03,301.8
M006,2025-06-28,341.2
M005,2025/08/12,185.6
M037,2025-08-03,370.0
M026,2025-08-05,186.3
M032,2025/07/08,105.4
M028,2025/08/25,306.0
M024,2025/07/17,336.2
M006,2025-06-18,191.0
M001,2025-08-11,197.1
M036,2025/08/07,-11.1
M030,2025-07-09,196.1
M024,2025-08-25,353.4
M001,2025-06-13,302.1
M031,2025/06/01,202.3
M028,2025-06-04,325.6
M020,2025-07-29,218.1
M013,2025-07-31,214.6
M024,2025-06-12,279.1
M010,2025-07-07,180.9
M001 ,2025-08-19,267.6
M017,2025-06-16,393.1
M005,2025-06-27,176.7
M007,2025-07-26,268.3
M029,2025/07/05,422.3
M031,2025-06-12,159.1
M016,2025-08-19,113.0
M024,2025-08-15,-51.0
M007,2025-08-21,379.1
M031,2025/07/30,271.9
M022,2025-08-20,
M039,2025-07-13,424.1
M028,2025/06/28,409.6
M039,2025/08/19,
M006,2025/08/06,316.2
M003,2025-07-07,174.7
M022,2025-07-30,335.0
M017,2025-07-13,460.6
M040,2025-07-21,404.2
M033,2025/06/07,301.5
M020,2025/06/16,189.1
M028,2025/07/03,298.8
M040,2025/07/13,345.3
M030,2025-07-20,99999.0
M025,2025-06-13,387.8
M038,2025-08-12,273.9
M016,2025/07/06,134.1
M001,2025/06/30,247.9
M014,2025/07/14,220.6
M040,2025-06-14,-43.5
M033,2025/07/02,201.0
M012,2025-08-26,316.3
M040,2025-07-09,442.1
M036,2025/08/20,99999.0
M008,2025-08-28,-36.8
M008,2025/08/18,155.0
M023,2025/08/20,195.3
M002,2025-07-14,252.4
M008,2025/07/27,193.6
M008,2025-06-15,208.5
M016,2025-08-09,109.8
M008,2025-07-15,165.4
M001,2025-06-10,317.9
M035,2025-07-11,394.6
M016,2025-07-16,169.2
M036,2025/08/27,242.6
M021,2025-06-08,378.5
M034,2025/06/24,376.6
M005,2025-08-22,
M022,2025-08-28,333.9
M015,2025/07/01,173.8
M030,2025/08/09,271.9
M023,2025-08-07,257.8
M029,2025-06-20,328.7
M008,2025/07/25,132.5
M030,2025-08-15,99999.0
M005,2025-06-19,162.3
M011,2025-07-17,341.1
M009,2025-07-09,286.2
M022,2025-08-26,244.5
M012,2025-07-03,297.5
M035,2025-07-03,374.9
M019,2025/06/06,405.6
M040,2025-06-30,435.3
M033,2025-06-01,217.8
M028,2025/08/04,272.4
M003 ,2025-06-29,345.8
M019,2025/07/12,359.8
M039 ,2025-07-11,276.3
M021,2025-07-09,348.3
M002,2025/07/11,347.2
M020,2025-06-12,288.5
M007,2025-08-08,335.7
M019,2025-08-19,294.9
M039,2025-06-23,276.2
M036,2025-08-22,165.8
M028,2025-06-18,329.7
M038,2025/06/21,334.4
M011,2025-08-01,332.1
M006,2025-08-17,288.0
M027,2025/08/17,337.7
M039,2025-07-08,291.8
M037,2025-07-27,330.9
M029,2025/08/17,484.2
M007,2025/07/21,295.1
M038,2025-07-04,370.9
M026,2025-08-28,117.8
M023,2025-06-26,256.0
M027,2025-08-15,333.0
M003,2025/08/22,183.1
M005,2025/07/27,236.8
M010,2025-06-11,156.9
M029,2025-07-20,491.4
M025,2025-07-19,375.8
M014,2025-07-03,259.8
M038,2025/07/17,296.8
M015,2025-07-11,198.6
M010,2025-08-25,305.4
M027,2025-08-20,376.7
M024,2025-08-23,327.7
M014,2025-06-19,247.1
M011,2025-08-29,364.0
M025,2025-07-14,435.7
M036,2025/07/13,230.0
M030,2025-06-06,276.4
M015,2025-06-02,129.8
M016,2025-06-09,109.5
M016,2025-07-15,104.0
M001,2025-07-25,253.9
M039,2025-07-25,
M001,2025/08/02,227.8
M029,2025-08-08,342.8
M017,2025-07-21,453.8
M003,2025-06-02,198.1
M002,2025-08-15,258.4
M012,2025-06-30,357.5
M019 ,2025-08-16,401.6
M036,2025/07/09,246.2
M038,2025-08-02,328.2
M023,2025-08-29,319.0
M009,2025/08/05,349.5
M037,2025-08-25,302.0
M032,2025-07-30,116.2
M018,2025-08-15,266.4
M036,2025-06-28,290.4
M038,2025/06/14,401.9
M039,2025-07-07,340.9
M037,2025/06/25,341.0
M034,2025-06-08,439.9
M020,2025-07-21,99999.0
M030,2025-06-20,167.7
M032,2025-08-10,130.8
M022,2025-06-08,
M038,2025-07-09,341.7
M002,2025-06-29,293.4
M039 ,2025/06/21,419.6
M038,2025-07-14,330.4
M006,2025/06/29,236.3
M025,2025-08-10,436.6
M010,2025/06/30,326.7
M018,2025/06/20,141.3
M033,2025-07-30,251.0
M035,2025/08/28,389.3
M022,2025/07/09,196.6
M029,2025-06-15,403.4
M025,2025/07/11,335.6
M023,2025-06-29,229.2
M014,2025/07/17,310.7
M005,2025/08/11,147.1
M009,2025-07-22,377.6
M027,2025/07/24,372.1
M014,2025/06/08,280.5
M039,2025-07-10,408.7
M011,2025-08-22,331.4
M029,2025/07/25,393.7
M016,2025-07-01,137.1
M010,2025-07-29,
M030,2025/07/01,286.3
M003,2025-06-27,210.0
M033,2025-06-28,185.4
M001,2025-08-17,356.5
M036,2025-07-03,176.2
M005,2025-07-18,136.4
M015,2025-08-24,238.1
M037,2025-08-16,354.1
M035,2025-07-21,412.5
M039,2025-06-10,319.6
M017,2025-07-23,439.5
M032,2025-07-04,176.1
M032 ,2025-06-25,96.4
M018,2025-06-01,220.8
M017,2025-08-24,508.1
M014,2025/06/20,288.9
M021,2025-08-29,384.9
M006,2025/08/21,346.9
M035,2025-08-16,444.4
M028,2025/07/20,384.5
M008,2025-08-01,185.8
M033,2025-06-20,99999.0
M033,2025-08-25,178.1
M019,2025-06-19,318.6
M027,2025-08-13,306.8
M028,2025-07-18,385.9
M029,2025-06-16,469.2
M034,2025/06/14,379.4
M037,2025-08-24,398.7
M018,2025-06-24,164.5
M027,2025/08/22,293.4
M040,2025-07-03,434.1
M008,2025-06-16,97.8
M037,2025-08-19,274.9
M010,2025/08/20,287.8
M015,2025-06-29,222.0
M006,2025-07-02,274.5
M012,2025-06-29,406.8
M008,2025/06/09,176.9
M026,2025-07-16,138.0
M007,2025-07-08,354.8
M023,2025/07/10,
M013,2025/07/21,247.9
M015,2025-08-29,189.6
M003 ,2025-07-29,162.2
M025,2025-06-09,433.8
M024,2025/08/26,278.9
M034 ,2025-06-07,487.3
M030,2025/06/04,290.8
M031,2025-07-14,197.6
M017,2025-07-22,407.0
M035,2025-07-24,349.4
M019,2025/08/21,428.1
M030,2025/06/27,282.7
M040,2025-08-10,369.5
M003,2025-08-12,162.9
M034,2025-06-17,409.1
M015,2025-06-22,143.6
M031,2025-07-13,187.4
M004,2025-08-14,280.3
M039,2025-08-02,359.7
M024,2025-07-11,315.9
M018,2025-07-23,218.1
M002,2025/06/27,261.2
M029,2025/07/11,418.2
M004,2025-08-04,316.6
M014,2025-06-06,244.0
M029,2025-06-01,393.3
M009,2025-08-08,368.5
M031,2025/07/11,308.6
M011,2025-06-28,441.5
M033,2025-06-25,221.5
M027 ,2025-07-02,303.8
M039,2025-06-19,350.0
M012,2025-08-18,298.8
M012,2025-07-17,230.3
M033,2025/06/08,234.9
M029,2025-07-03,294.5
M006,2025-06-05,212.5
M004,2025/06/13,205.5
M006,2025/08/23,224.5
M030,2025/06/05,190.1
M032,2025-08-18,106.1
M040,2025-08-16,373.6
M019,2025-08-24,401.9
M037,2025-06-02,431.2
M015,2025-06-05,203.7
M010 ,2025-07-11,255.2
M020,2025/08/06,179.1
M040,2025/06/12,-48.8
M012,2025/07/10,298.1
M015,2025/07/09,238.8
M028,2025-06-09,228.3
M029,2025-06-08,-40.1
M019,2025-07-11,
M003,2025-06-17,231.6
M023,2025-07-03,263.2
M035,2025-08-01,342.2
M029,2025-06-21,350.9
M020,2025-07-15,254.4
M025,2025-08-24,420.5
M025,2025/06/19,466.2
M039,2025/07/27,370.2
M012,2025-07-26,300.3
M036,2025-06-03,233.6
M029,2025-08-10,384.5
M013,2025/08/03,129.8
M018,2025-07-25,179.0
M016,2025-06-29,124.7
M004,2025/07/15,257.7
M002,2025-06-09,281.5
M003,2025/07/10,134.2
M037,2025-06-18,346.0
M019,2025-07-18,336.0
M008,2025/08/17,168.6
M015,2025-08-21,216.0
M016,2025/06/08,218.9
M038,2025/06/04,290.2
M023,2025-08-23,295.4
M012,2025-06-28,338.4
M019,2025-08-13,406.2
M025,2025-07-03,397.0
M038 ,2025-08-08,384.0
M001,2025-07-02,
M039,2025-07-18,380.7
M029,2025-06-30,407.3
M034,2025/07/07,420.4
M007,2025-08-12,315.5
M034,2025/07/16,432.8
M009,2025-06-29,504.2
M001 ,2025/06/12,198.7
M014,2025-08-10,276.7
M039,2025-07-30,398.7
M018,2025-07-03,233.5
M001,2025/07/30,278.3
M032,2025-06-21,100.8
M037,2025/08/08,256.4
M036,2025-07-16,325.7
M036,2025-07-07,273.1
M030,2025-08-18,
M040,2025-06-05,430.6
M015,2025-06-14,192.2
M024,2025/07/19,341.5
M018,2025/06/13,161.5
M034,2025/07/21,431.3
M033,2025-06-06,190.6
M017,2025-08-07,389.2
M018,2025-08-23,99999.0
M023,2025/07/02,256.1
M020,2025/08/25,240.8
M023,2025-06-16,236.8
M011,2025/08/18,398.1
M007,2025/07/07,356.0
M007,2025-06-24,352.3
M032,2025-07-10,116.3
M002,2025/08/16,
M007,2025-07-01,99999.0
M034,2025/06/01,413.4
M004,2025/08/02,255.5
M002,2025-06-07,284.3
M021,2025/07/02,379.4
M027,2025-08-02,307.7
M002,2025/06/18,327.3
M037,2025/06/28,325.4
M009,2025-08-01,417.3
M023,2025-06-14,284.1
M032,2025-08-14,165.3
M004,2025-08-25,209.0
M031,2025-07-19,99999.0
M010,2025/07/14,253.3
M029,2025-07-31,365.1
M009,2025-06-27,339.6
M024,2025-08-20,326.0
M022,2025-07-26,418.4
M035,2025-07-25,305.3
M008,2025-07-28,199.7
M009,2025/08/14,347.3
M031,2025-07-04,198.3
M039,2025-06-14,330.9
M008,2025-08-08,190.4
M023,2025/06/02,315.6
M013,2025/08/21,232.4
M032,2025-08-02,174.0
M021,2025-08-13,329.6
M034,2025-06-03,389.2
M013,2025-06-23,257.0
M031,2025-08-01,231.3
M012,2025-06-05,322.7
M015,2025-06-18,245.6
M006,2025-07-07,259.4
M028,2025-08-19,
M020,2025/07/31,263.3
M010,2025/08/04,134.5
M036,2025-06-11,232.5
M022,2025-07-12,345.5
M022,2025-06-14,313.6
M014,2025-06-03,271.3
M015 ,2025-08-11,118.7
M008,2025/06/21,-28.3
M038,2025-06-07,419.7
M020,2025/07/01,200.6
M017,2025/07/15,381.5
M038,2025-07-30,410.0
M011,2025/08/19,415.4
M039,2025/08/24,387.4
M021,2025-06-02,199.8
M019,2025-08-28,274.5
M026,2025-06-01,230.4
M006,2025-06-16,290.8
M012,2025/07/09,290.6
M014,2025-08-16,320.8
M002,2025-07-05,371.8
M032,2025/08/11,240.9
M005,2025-06-21,137.1
M034,2025-07-08,411.6
M003,2025-07-09,182.7
M027,2025-07-25,410.3
M039,2025-06-09,338.9
M029,2025-06-28,383.3
M020,2025-07-02,262.6
M009,2025/07/04,351.3
M004,2025-08-17,258.7
M038,2025-06-20,338.9
M039,2025-08-20,294.6
M015,2025-08-02,190.1
M036,2025/06/04,178.0
M022,2025-07-18,263.3
M028,2025-07-29,247.4
M019,2025-07-24,304.6
M003,2025-06-06,123.1
M035,2025-08-24,393.8
M030,2025-08-02,282.6
M008,2025/07/14,109.2
M025,2025/07/29,433.7
M008,2025/07/10,124.9
M010,2025/07/27,202.2
M012,2025-07-15,303.8
M017,2025-07-03,310.6
M023,2025/08/12,241.6
M006 ,2025-06-03,324.4
M021,2025-08-20,319.4
M003,2025-07-20,233.8
M028 ,2025/08/26,264.3
M030,2025-07-26,278.9
M034,2025-07-22,411.3
M035,2025-06-01,439.4
M031,2025-06-23,257.7
M005,2025-06-16,92.0
M037,2025-07-09,326.5
M008,2025/06/10,169.2
M003,2025-07-03,90.2
M014,2025-06-16,351.1
M037,2025/07/07,313.3
M002,2025/07/13,363.3
M016,2025-06-27,58.7
M027,2025-08-26,380.0
M031,2025-06-15,-36.4
M012,2025-08-20,291.8
M040,2025/08/06,421.8
M004,2025-06-22,293.7
M026,2025-07-25,87.0
M001,2025-06-03,235.4
M006,2025-07-08,295.0
M005,2025-06-21,137.1
M010,2025/07/14,253.3
M021,2025-06-25,222.5
M019,2025-08-12,384.1
M026,2025-06-16,222.8
M040,2025-06-21,403.9
M005,2025/08/14,133.3
M005,2025-08-05,112.5
M037,2025-07-13,291.3
M027,2025-07-01,334.6
M013,2025-07-07,229.5
M011,2025-07-13,413.4
M025,2025-06-28,-42.8
M034,2025-07-20,432.7
M020,2025-06-15,236.3
M024,2025-07-25,331.5
M031 ,2025-06-29,245.5
M022,2025-07-20,339.9
M007,2025/08/17,99999.0
M007,2025-06-04,394.0
M011,2025-07-19,357.4
M037,2025-06-30,357.6
M020,2025-06-25,223.0
M023,2025/08/02,316.4
M027,2025-07-28,432.2
M029,2025-06-26,351.7
M015,2025-07-29,210.2
M040,2025-08-14,409.4
M006,2025/07/13,342.0
M016,2025-08-02,178.4
M031,2025-08-20,238.5
M026,2025/06/17,190.8
M017,2025-07-27,376.3
M007,2025-08-28,402.4
M030,2025-07-10,244.8
M013,2025-08-26,-24.6
M011,2025-06-29,390.1
M039,2025/08/14,99999.0
M017,2025-07-08,355.3
M013,2025-07-04,274.5
M009,2025-06-14,412.0
M013,2025-06-09,90.0
M028,2025-06-15,400.0
M005 ,2025-07-08,173.8
M013,2025-06-02,237.6
M015,2025-07-10,217.2
M009,2025-06-15,314.9
M037,2025-07-20,337.3
M017,2025-08-22,330.7
M024,2025-07-27,356.1
M039,2025/06/20,355.3
M034,2025-07-19,492.5
M012,2025-08-19,251.9
M001,2025-08-22,287.6
M020,2025/06/04,181.4
M029,2025-08-03,452.3
M004,2025/06/16,172.5
M006,2025/08/29,243.8
M040,2025-07-15,420.2
M017,2025-06-29,361.3
M010,2025-07-17,212.0
M022,2025/06/18,272.3
M027,2025-08-03,420.7
M022,2025-08-02,380.6
M029,2025-06-22,
M038,2025/08/13,390.1
M023,2025/06/10,268.6
M022,2025/06/17,219.9
M004,2025-08-01,177.5
M001,2025-06-22,
M032,2025-06-02,182.5
M037,2025-06-07,407.5
M021,2025-06-18,282.7
M003,2025-06-11,191.2
M040,2025-08-08,430.2
M014,2025/06/24,252.2
M033,2025-07-15,188.4
M025,2025-08-18,-38.6
M018,2025-07-16,131.6
M020,2025-06-13,326.0
M001,2025-08-26,250.2
M024,2025-08-02,
M017,2025-07-16,482.8
M002,2025/06/25,199.5
M013,2025/07/19,230.0
M032,2025-06-05,201.8
M005,2025-07-09,70.8
M028,2025-08-22,359.5
M006,2025-06-02,299.1
M032,2025-08-21,95.7
M007,2025-06-13,-25.9
M009,2025-06-09,405.4
M031,2025-07-26,271.0
M015,2025-06-21,244.7
M027,2025-07-23,373.9
M040,2025-08-12,373.3
M011,2025/08/25,-24.4
M032,2025-06-03,-46.7
M025,2025-08-15,337.4
M038,2025-06-10,372.5
M034,2025-08-24,418.9
M040,2025-06-23,376.6
M012,2025/06/03,400.1
M006 ,2025-08-15,
M040,2025-08-22,426.1
M005,2025/08/02,168.1
M014,2025/08/06,280.7
M031,2025/08/21,230.3
M038,2025-08-25,321.9
M001,2025/08/09,302.1
M001,2025-07-27,255.4
M002,2025-07-19,206.1
M026,2025-07-13,201.7
M006,2025/08/03,335.3
M027,2025-08-14,339.5
M025,2025-06-08,463.1
M007,2025/06/02,420.0
M011,2025-07-27,354.9
M028,2025-07-17,296.5
M037,2025-08-14,316.3
M037,2025/08/18,308.1
M008,2025-06-08,-57.4
M023,2025-08-27,283.6
M009,2025-06-21,485.7
M027,2025-06-10,276.5
M010,2025-07-09,273.1
M030,2025-07-21,236.7
M004,2025-07-11,240.9
M037,2025/07/11,264.2
M029,2025-07-28,437.8
M010 ,2025/06/18,174.4
M017,2025-07-05,443.5
M037,2025-08-11,327.3
M036,2025-08-12,
M037,2025/07/14,331.8
M004,2025-08-18,-36.7
M003,2025/06/01,239.3
M003,2025/08/23,237.7
M008,2025-08-19,184.2
M010,2025/08/12,231.3
M001,2025/07/29,
M017,2025-06-19,400.8
M029,2025-07-08,390.9
M031,2025-07-24,296.2
M026,2025-08-19,177.6
M004,2025-06-21,226.7
M025,2025-07-09,438.8
M021,2025-07-26,285.8
M032,2025-07-22,167.9
M005,2025-08-08,145.2
M037,2025-06-05,344.4
M019,2025/07/01,387.0
M034,2025-06-27,404.3
M017,2025-08-01,444.5
M023,2025/06/21,346.9
M029,2025-07-24,363.8
M007,2025-07-24,298.0
M018 ,2025-06-14,180.5
M022,2025/08/06,318.9
M036,2025/07/28,-10.9
M029,2025-06-11,449.6
M013,2025/06/08,220.9
M019,2025-08-15,354.2
M009,2025/07/20,395.6
M011,2025/06/14,345.0
M010,2025-08-28,
M015,2025-06-28,175.1
M004,2025-06-14,200.5
M003,2025-07-17,165.1
M024,2025-07-02,351.5
M037,2025/07/31,255.4
M032,2025-07-14,53.0
M019,2025/08/09,368.8
M023,2025/07/14,
M034,2025-08-10,470.0
M040,2025-06-09,475.1
M036,2025-08-26,214.5
M017,2025/06/01,
M019,2025-08-10,355.6
M022,2025-06-10,289.4
M006,2025-08-13,230.8
M038,2025-07-31,328.8
M030,2025-08-23,353.7
M034,2025/07/24,345.1
M013,2025-07-22,244.8
M020,2025/08/10,303.9
M016,2025/08/29,
M015,2025-07-31,209.7
M013,2025/06/20,200.4
M011,2025-06-15,379.8
M027,2025-08-07,401.6
M001,2025/07/17,154.7
M035,2025/06/29,377.6
M010,2025-06-28,-57.6
M009,2025-06-13,318.4
M036,2025/07/31,172.2
M017,2025-06-15,413.6
M014,2025-07-31,290.8
M031,2025-07-12,232.5
M020,2025-08-02,252.7
M016,2025-06-13,164.7
M019,2025-07-26,396.9
M022,2025-06-29,262.6
M028,2025-06-07,320.7
M018,2025-08-11,
M019,2025-08-18,322.6
M025,2025-07-21,454.1
M005,2025/07/26,228.0
M005,2025-06-01,162.6
M006,2025-08-05,313.1
M003,2025-07-08,228.3
M030,2025/08/03,254.0
M026,2025/08/08,175.5
M023,2025-07-18,251.6
M035,2025-06-26,373.9
M027,2025/06/15,282.1
M035,2025/07/17,366.6
M030,2025/08/14,290.5
M037,2025/07/17,271.6
M010,2025-07-19,
M008,2025-06-29,
M019,2025-08-08,351.1
M002,2025/06/01,273.6
M034,2025-07-06,453.5
M032,2025-06-14,125.3
M004,2025-06-11,153.6
M013,2025/07/12,173.7
M032,2025-07-03,121.6
M039,2025-08-23,265.4
M034,2025-06-04,367.2
M021,2025/06/16,333.4
M003 ,2025-06-21,260.1
M036,2025/06/20,255.7
M021,2025/06/04,254.8
M028,2025-06-29,
M024,2025-08-18,340.2
M001,2025-08-20,289.3
M001,2025/08/25,
M011,2025-06-02,341.7
M020,2025/07/03,177.4
M028,2025/08/13,263.1
M023,2025-06-25,313.3
M015,2025-07-14,140.0
M006,2025-08-22,301.7
M026,2025/06/13,166.5
M006,2025/07/21,183.6
M012,2025-08-17,299.4
M016,2025-07-09,125.0
M007,2025-06-01,288.6
M030 ,2025/06/22,380.6
M037,2025-07-30,348.0
M020,2025-06-28,186.9
M035,2025-07-19,424.6
M021,2025/07/25,314.8
M036,2025-07-02,192.7
M025,2025-07-20,381.7
M012,2025-08-27,322.4
M028 ,2025-08-18,294.8
M014,2025-07-30,260.9
M018,2025/08/07,193.5
M018,2025-08-16,224.5
M012,2025-07-12,415.1
M026,2025/07/12,170.4
M019,2025-06-26,380.7
M032,2025-06-28,172.0
M021,2025-07-21,298.6
M029,2025-08-23,477.6
M019,2025-07-06,375.3
M002,2025/08/27,275.4
M011,2025-06-17,303.7
M030,2025-07-14,217.8
M017,2025-06-08,470.3
M001,2025/07/26,
M019,2025/08/06,396.2
M016,2025-06-17,152.5
M030,2025-07-31,265.6
M021,2025-08-23,274.0
M018,2025-06-12,219.8
M010,2025-08-19,221.6
M034,2025/07/29,382.9
M019,2025/08/26,368.8
M040,2025-07-06,518.1
M034,2025-07-30,358.5
M025,2025-06-18,430.4
M011 ,2025-07-10,399.8
M011,2025-07-21,99999.0
M018,2025/07/07,198.8
M036,2025-08-23,295.0
M022,2025-07-25,296.7
M026,2025-08-02,264.6
M034,2025-08-04,488.7
M004,2025-07-26,283.4
M003,2025/07/11,192.8
M022,2025-06-01,256.0
M009,2025/06/02,338.3
M007,2025-06-14,346.8
M012,2025-07-04,351.5
M030,2025-08-05,274.8
M023,2025-06-08,366.3
M040,2025-07-26,433.8
M013,2025-07-23,134.0
M019,2025-08-07,388.9
M012,2025-06-26,316.3
M003,2025-08-01,134.3
M039,2025/06/02,-59.3
M034,2025-06-06,440.6
M021 ,2025-08-17,349.9
M026,2025-08-23,163.3
M016,2025/06/12,78.3
M035,2025/07/12,432.1
M038,2025-07-02,341.5
M040,2025-08-03,492.0
M029,2025-08-27,322.3
M023,2025-06-15,262.8
M025,2025-08-06,
M002,2025-07-04,275.4
M010,2025-07-30,194.7
M013,2025/07/11,-42.7
M010,2025-06-01,184.1
M038,2025/07/23,354.5
M038,2025-06-29,333.3
M018,2025/07/05,279.6
M006,2025-07-11,300.8
M031,2025-07-18,252.8
M036,2025-06-26,248.6
M037,2025-06-06,
M019,2025/06/29,342.5
M022,2025-08-16,409.0
M040,2025-07-20,420.0
M040,2025-06-02,325.0
M031,2025-06-02,
M028,2025/07/25,428.3
M033,2025-06-05,207.5
M038,2025-06-13,-41.3
M005,2025/07/11,156.2
M006,2025-07-01,223.5
M025,2025-07-25,493.0
M038,2025/08/24,99999.0
M034,2025-08-12,323.6
M023,2025/07/28,268.5
M030,2025-07-13,322.7
M014,2025-07-09,180.1
M013,2025-08-24,191.0
M006,2025-06-24,242.4
M004 ,2025-06-15,235.9
M016,2025/08/14,214.8
M004,2025-08-29,216.3
M037,2025-07-28,289.9
M014,2025-07-22,258.7
M029,2025-07-12,409.7
M007,2025-07-11,
M040,2025/08/29,419.5
M020,2025-06-17,175.9
M034,2025-08-20,417.0
M036,2025/06/19,204.4
M012,2025/08/25,301.5
M004,2025-07-25,272.1
M022,2025-07-24,336.1
M018 ,2025/06/04,129.4
M033,2025-08-24,288.0
M018,2025-07-08,264.5
M007,2025-06-30,347.2
M035,2025-08-07,266.5
M034,2025-08-03,433.4
M031,2025-07-21,166.3
M012,2025-08-21,328.3
M011,2025-06-04,329.4
M031,2025-07-27,215.9
M008,2025/07/24,
M004,2025-07-17,178.7
M004,2025/07/08,277.7
M015,2025/06/03,76.8
M030,2025-07-15,276.4
M009,2025-08-10,401.3
M002,2025-07-15,401.1
M003,2025-07-14,66.4
M008,2025/06/13,154.2
M017,2025-07-19,411.1
M025,2025-07-05,489.2
M010,2025/08/18,209.6
M034,2025-06-12,413.4
M035,2025/07/10,380.5
M014,2025-08-19,326.7
M009,2025-06-04,433.6
M016,2025-06-25,145.8
M006,2025/07/17,245.8
M010,2025-07-06,212.7
M033,2025-06-26,235.6
M033,2025-06-30,133.2
M014,2025/08/11,
M034,2025-06-30,404.0
M015,2025-07-12,274.3
M030,2025/07/27,345.8
M031,2025-07-08,307.3
M032,2025-06-10,
M037,2025/07/08,297.7
M012,2025/08/28,343.6
M020,2025/06/08,255.7
M016,2025-07-26,180.8
M037,2025/06/14,370.9
M026,2025-08-11,211.2
M016,2025-08-24,185.9
M014,2025/07/08,281.1
M031,2025-06-27,225.5
M035,2025/07/09,452.3
M024,2025/06/20,358.8
M039,2025-06-25,319.4
M023,2025/06/13,273.1
M033,2025-06-17,150.1
M007,2025-06-27,391.7
M029,2025/06/05,315.6
M013,2025/08/29,179.2
M013,2025-06-21,243.4
M006,2025/06/30,290.6
M040,2025-08-11,393.6
M031,2025-08-12,305.9
M008,2025/08/14,191.3
M022,2025/07/05,276.2
M016,2025-06-02,129.6
M013,2025-08-23,204.7
M011,2025-07-31,367.5
M010,2025/06/04,215.0
M005,2025-08-27,194.9
M040,2025/07/29,389.0
M003,2025-08-24,151.7
M026,2025/07/10,164.2
M018,2025-06-22,140.3
M004,2025-08-05,218.9
M007,2025-06-10,338.2
M012,2025-08-12,349.2
M007,2025-07-15,281.6
M031,2025/06/16,
M038,2025-07-06,-37.7
M005,2025-07-23,-55.7
M018,2025-08-05,161.2
M035,2025-08-22,385.5
M026,2025-06-20,211.9
M020,2025-06-30,252.2
M010,2025/08/27,209.9
M023,2025/07/26,194.9
M014,2025-06-21,
M007,2025-08-09,418.5
M013,2025/06/05,237.3
M003,2025-06-22,223.2
M021,2025/07/03,263.4
M034,2025/07/26,396.9
M015,2025-07-05,291.6
M014,2025/08/04,251.1
M028,2025-08-17,279.8
M026,2025-07-21,
M035,2025-06-06,391.1
M004,2025-08-13,187.2
M038,2025-08-18,355.0
M004,2025-07-02,256.3
M018,2025-06-08,211.6
M036,2025-08-29,188.8
M021,2025/07/24,280.5
M002,2025-07-31,
M012,2025-08-29,326.1
M040,2025/07/13,345.3
M015,2025-06-08,173.0
M036,2025/08/06,254.7
M026,2025-08-20,273.7
M012,2025-07-25,315.5
M026,2025-06-11,181.8
M009,2025-08-15,390.2
M016,2025-07-05,134.2
M007 ,2025/07/16,362.5
M009,2025-08-13,394.6
M017,2025-06-11,407.6
M019,2025-08-25,393.9
M030,2025/07/24,280.9
M037 ,2025-08-22,402.6
M004,2025-06-23,227.4
M011,2025/06/10,376.2
M013,2025-07-16,191.0
M035,2025/07/02,376.6
M017,2025-07-26,514.2
M039,2025/08/06,304.7
M024,2025-08-06,290.2
M004,2025-08-09,226.9
M006,2025-07-27,270.5
M014,2025-06-26,320.0
M005,2025/06/28,150.8
M013,2025-07-06,218.7
M035,2025-08-02,374.3
M015,2025-07-30,171.2
M037,2025-08-26,99999.0
M018,2025-08-01,231.7
M014,2025-07-28,246.5
M018,2025-07-01,172.1
M025,2025/08/25,427.1
M034,2025/06/18,509.2
M033,2025-07-03,168.6
M016,2025/06/03,158.7
M001,2025-08-27,328.0
M024,2025-07-01,302.1
M005,2025/07/01,139.8
M009,2025-07-11,425.8
M013,2025-06-03,184.6
M033,2025-08-09,142.8
M036,2025-06-07,317.2
M013,2025-08-09,161.7
M026,2025-06-07,
M017,2025-08-04,465.7
M035,2025-06-22,460.2
M035,2025-06-21,488.7
M023,2025-07-19,
M032,2025-08-16,156.0
M013,2025/08/12,-21.5
M003,2025/07/12,170.3
M015,2025-06-07,121.2
M031,2025-06-12,159.1
M030,2025-07-06,272.4
M027,2025-08-11,367.6
M028,2025-08-21,343.3
M019,2025-06-03,400.3
M030,2025-06-15,274.3
M032,2025-08-24,200.0
M007,2025-08-29,337.3
M004,2025-07-01,277.0
M006,2025-06-26,295.7
M025,2025/06/30,497.3
M001,2025-07-05,266.5
M005,2025/07/21,130.9
M005,2025-08-23,172.2
M024,2025-07-24,321.3
M036,2025-07-10,243.7
M003,2025-06-12,115.7
M003,2025-07-16,192.2
M025,2025/06/04,373.0
M010,2025-06-10,196.9
M006,2025-06-07,348.6
M014,2025-07-15,328.2
M018,2025/06/23,180.6
M006,2025-06-23,284.3
M007,2025/07/02,454.2
M022,2025-06-29,262.6
M011,2025-07-11,300.4
M006,2025/08/14,349.2
M026,2025-08-04,165.4
M024,2025-08-11,362.9
M005,2025-08-29,165.9
M024,2025-08-19,340.3
M021,2025-08-24,
M031,2025-07-17,150.6
M027,2025-06-11,389.1
M032,2025-06-04,
M011,2025-08-11,313.4
M012,2025/08/24,322.9
M032,2025-06-20,93.3
M007,2025/06/26,339.7
M037,2025-07-15,
M002,2025/06/30,308.7
M033,2025-07-04,247.4
M038,2025/06/24,364.9
M019,2025-06-10,376.8
M034,2025/06/22,403.7
M023,2025-07-27,185.3
M025,2025/08/27,509.8
M006,2025-08-04,226.8
M016,2025/07/18,114.9
M022,2025-08-24,298.1
M038,2025-07-20,374.0
M032,2025-06-24,209.2
M008,2025-07-01,-57.5
M040,2025/08/18,375.1
M017,2025-07-25,373.1
M025,2025-08-11,425.5
M019,2025-07-07,388.9
M002,2025-08-14,260.3
M003,2025-07-21,170.5
M006,2025-07-24,289.8
M010,2025-08-15,
M017,2025-06-18,402.3
M013,2025-08-15,213.5
M002,2025-06-15,347.0
M021,2025/06/10,206.4
M022,2025/08/25,270.3
M014,2025-06-27,279.8
M038,2025-07-03,239.9
M006,2025-06-12,155.5
M006,2025-07-15,323.5
M019,2025-08-27,402.3
M028,2025-06-02,301.2
M014,2025-07-13,227.1
M005,2025/07/05,236.1
M014,2025-08-09,300.6
M033,2025/06/22,191.0
M017,2025-06-07,-58.6
M018,2025-08-06,227.1
M011,2025-06-11,268.2
M019,2025/07/22,345.8
M025,2025-06-15,403.2
M039,2025-08-04,309.2
M038,2025-06-30,362.4
M031,2025-07-02,252.4
M024,2025-06-14,
M008,2025-06-12,183.6
M009,2025-06-25,
M016,2025/07/14,123.9
M038,2025-08-09,366.8
M013,2025-07-23,134.0
M010,2025-06-16,271.0
M032,2025-08-29,103.0
M033,2025-08-15,151.8
M014,2025-06-14,355.6
M016,2025/08/16,186.2
M018,2025-07-02,237.2
M013,2025-06-16,176.1
M040,2025/08/21,397.2
M004,2025-08-16,205.0
M019,2025-07-30,298.6
M009,2025-08-29,355.9
M029,2025/08/14,356.3
M006,2025-08-26,245.5
M010,2025/08/09,203.7
M014,2025-08-27,165.7
M018 ,2025-06-25,202.6
M028,2025-07-31,250.9
M002,2025/08/07,218.1
M023,2025-07-01,274.5
M028 ,2025-07-30,323.6
M004,2025/06/04,105.6
M027,2025/07/18,330.5
M016,2025/06/04,145.8
M024,2025/08/24,445.7
M011,2025/06/26,390.1
M019,2025-08-04,380.3
M015,2025-06-10,181.9
M005,2025/07/12,101.6
M023,2025/08/14,183.6
M007,2025-08-02,351.1
M027,2025-08-25,283.2
M014,2025-07-07,264.9
M006,2025-06-13,148.8
M019,2025-07-20,388.7
M039,2025-07-01,327.4
M011,2025-07-18,351.3
M028,2025/06/22,
M037,2025-06-11,280.9
M025,2025-07-24,414.3
M024,2025/07/12,371.7
M036,2025-06-23,170.3
M025 ,2025-08-01,362.8
M027,2025-08-18,329.4
M033,2025/06/16,279.2
M006,2025-08-19,208.3
M015,2025-08-28,99999.0
M038,2025/06/14,401.9
M040,2025-08-01,435.8
M033,2025-07-13,176.2
M010,2025-07-01,264.3
M007,2025-07-10,242.2
M038,2025/06/25,389.1
M030,2025/06/11,250.1
M027,2025/08/19,401.6
M005,2025/06/20,117.5
M006,2025-08-10,336.0
M027,2025-06-13,344.2
M009,2025-06-08,430.8
M039,2025-07-20,346.9
M031,2025-07-23,165.4
M030,2025-06-18,326.2
M032,2025/07/24,171.5
M008,2025-06-02,139.2
M035,2025/08/14,419.5
M037,2025/08/29,244.7
M001,2025/07/15,264.5
M020,2025-07-17,214.8
M033,2025/06/19,302.6
M038,2025-08-22,324.3
M015,2025-06-13,122.8
M025,2025-07-06,381.2
M006,2025/06/08,
M009,2025-06-07,361.6
M033,2025/08/21,263.8
M022,2025-06-26,224.1
M033,2025-08-03,213.1
M037,2025/07/29,319.9
M001,2025-07-11,302.6
M032,2025-06-27,112.9
M020,2025-08-20,151.9
M012,2025/07/22,343.5
M031,2025-07-07,285.3
M022,2025/06/03,162.0
M017,2025-06-17,453.1
M010,2025/07/22,200.6
M027,2025-08-21,419.4
M023,2025-07-25,342.8
M028,2025/07/22,383.7
M019,2025-07-16,292.1
M028,2025-08-09,430.1
M030,2025/06/27,282.7
M009,2025-08-16,420.7
M018,2025/07/28,233.5
M004,2025/06/10,184.0
M017 ,2025-08-12,363.6
M029,2025-06-23,362.4
M040 ,2025-07-14,345.7
M022,2025-06-19,399.8
M026,2025/08/06,219.2
M010,2025-08-01,190.4
M036,2025/08/02,237.3
M029,2025-08-07,389.0
M002,2025-06-03,215.2
M030,2025-06-24,228.7
M028,2025-07-06,318.4
M021,2025-08-21,346.8
M036,2025-07-04,159.6
M005,2025/06/12,129.4
M022,2025-06-11,346.2
M001,2025-08-06,231.3
M002,2025-08-21,277.2
M011,2025-08-09,395.5
M029,2025-08-26,385.5
M006,2025-07-31,208.7
M012,2025/06/12,302.0
M020,2025/07/24,172.9
M029,2025-07-21,366.1
M026,2025/08/18,150.6
M002,2025/06/10,280.9
M015,2025-07-23,173.4
M009,2025/08/27,402.0
M005,2025-07-14,230.0
M013,2025-07-29,133.0
M014,2025-07-06,325.0
M025,2025/07/26,429.6
M021,2025-07-28,259.2
M002,2025-08-03,293.6
M031,2025-07-06,110.3
M001,2025-08-29,279.0
M030,2025/07/18,236.3
M036,2025-07-19,267.5
M016,2025/07/06,134.1
M016,2025/06/07,172.7
M005,2025-08-13,112.3
M038,2025-06-17,333.6
M004,2025-07-23,266.8
M017,2025-08-02,523.8
M034 ,2025-08-02,441.6
M027,2025/07/16,366.0
M032,2025/06/11,70.8
M012,2025-06-19,-33.0
M023,2025-07-24,311.3
M037,2025-07-25,333.8
M016,2025-07-13,167.7
M030,2025-08-24,275.2
M027,2025-07-22,271.4
M003,2025-08-29,166.0
M025,2025/07/10,393.4
M024,2025-08-07,348.0
M028,2025-07-07,350.1
M007,2025/08/24,306.2
M019 ,2025-08-22,365.7
M015 ,2025-06-20,176.8
M038,2025/08/03,388.6
M005,2025-08-15,136.5
M012,2025/08/28,343.6
M010,2025/07/13,172.6
M037,2025/08/17,387.4
M018,2025/07/24,205.5
M009,2025-07-28,511.2
M022,2025-07-13,217.5
M037,2025-07-26,352.2
M032,2025-08-12,97.1
M017,2025/08/27,383.2
M011,2025-07-06,378.9
M001,2025-07-12,300.6
M028 ,2025/06/27,295.2
M021,2025-08-11,287.2
M037,2025-08-20,353.6
M031,2025-08-25,186.8
M015,2025/07/20,279.8
M013,2025/06/06,207.8
M031,2025-06-19,192.9
M001,2025/08/08,276.6
M030,2025-06-26,266.6
M016,2025-06-18,88.4
M015,2025/07/28,-21.5
M014,2025-07-29,302.6
M014,2025-07-25,230.6
M031,2025/06/14,303.2
M009,2025/06/16,406.6
M009 ,2025-07-02,367.7
M034,2025-06-15,452.6
M007,2025-08-03,361.8
M025,2025-06-11,394.8
M038,2025-08-28,360.1
M013,2025-08-07,152.5
M025,2025-07-12,447.6
M025,2025/08/03,367.8
M008,2025/06/27,221.9
M018 ,2025-08-27,235.9
M026,2025/06/30,68.6
M033,2025-07-29,144.0
M027,2025/07/12,358.4
M035,2025-08-26,338.4
M004,2025-08-03,279.2
M002,2025-06-22,393.0
M012,2025-07-29,294.8
M006,2025-06-09,253.9
M008,2025-08-09,241.1
M006,2025-07-05,282.8
M033,2025-07-19,217.0
M001,2025-06-26,235.7
M018,2025/06/05,152.5
M002,2025/07/21,275.4
M024,2025-06-13,339.6
M037,2025-06-17,355.6
M025,2025-08-21,404.7
M031,2025/07/09,
M024,2025-06-04,378.1
M019,2025-07-03,333.6
M007,2025/06/25,322.7
M016,2025-08-18,70.8
M036,2025-06-15,315.5
M031,2025-08-04,218.8
M006,2025/07/26,253.8
M036,2025-08-13,215.8
M036,2025-06-09,218.2
M026,2025-07-27,173.7
M017,2025-06-10,407.2
M024,2025-08-04,331.6
M011,2025/06/13,273.5
M016,2025-06-01,216.5
M018,2025-07-27,273.4
M021,2025-06-23,286.2
M012,2025-08-16,369.4
M040,2025-08-26,
M016,2025/07/29,126.9
M008,2025/08/21,151.7
M037,2025/08/27,441.6
M019,2025-06-16,285.0
M002,2025/08/09,326.5
M033,2025-08-28,110.8
M009 ,2025/08/02,406.2
M013,2025-06-24,254.9
M011,2025-07-01,419.9
M022,2025/08/08,260.6
M032,2025-06-30,33.6
M029,2025-07-06,435.3
M027,2025-06-01,392.9
M027,2025/07/04,354.0
M029,2025/06/25,338.8
M035,2025-08-03,436.0
M039,2025-06-07,353.1
M027,2025-06-26,377.9
M023,2025-08-08,279.1
M019,2025-06-27,388.3
M022,2025/06/05,250.9
M018,2025-07-14,219.1
M013,2025-06-26,199.2
M006,2025-08-18,275.8
M034,2025-06-11,375.0
M019,2025-08-20,298.7
M028,2025-08-14,353.5
M026,2025/08/16,224.8
M027,2025-07-27,358.1
M017,2025/06/22,506.7
M015,2025-06-01,227.1
M011,2025/07/07,464.5
M026,2025/07/30,149.1
M033,2025-06-11,221.4
M018,2025/08/29,247.4
M038,2025/08/16,405.0
M005,2025/06/24,221.9
M030,2025/08/27,250.9
M018,2025-08-04,171.2
M006,2025-08-11,294.8
M001,2025/06/20,226.6
M001,2025-06-06,269.2
M002,2025/08/24,255.8
M034,2025-08-19,342.6
M018,2025-07-09,264.9
M007,2025-07-29,314.7
M040,2025/07/31,466.8
M016,2025/08/08,119.6
M001 ,2025-07-23,239.4
M001,2025-06-09,328.0
M005,2025-08-19,124.0
M025,2025-06-29,450.7
M002,2025/08/10,305.7
M007,2025-08-15,371.9
M029,2025-07-16,361.6
M034,2025-07-23,442.3
M026,2025/08/27,168.0
M037,2025-07-04,366.4
M019,2025-07-04,301.4
M037,2025-07-19,
M031,2025-06-17,219.5
M013,2025-08-28,286.2
M034,2025-06-20,344.9
M003,2025/06/10,176.7
M012,2025-06-14,267.2
M025,2025/06/06,371.3
M035 ,2025/06/28,360.6
M027,2025-06-24,260.0
M009,2025/07/05,406.8
M020,2025-08-16,-27.9
M019,2025/07/28,
M011,2025-08-27,312.5
M032,2025-07-16,60.3
M005,2025-06-17,115.0
M013,2025-06-11,260.4
M007,2025-07-27,327.3
M008,2025-08-29,269.4
M037,2025-08-07,381.7
M021,2025-06-22,-33.6
M012,2025-06-16,
M033,2025-08-12,271.8
M026,2025-06-15,57.1
M013,2025-06-10,189.8
M033,2025-07-27,163.8
M014,2025-08-21,263.9
M035,2025/08/04,418.6
M025,2025-06-14,411.2
M029,2025/08/21,348.3
M029,2025-08-19,357.9
M001,2025/08/23,328.9
M023,2025-07-29,243.3
M001,2025/06/24,216.8
M006,2025/07/25,236.1
M006,2025-07-28,290.3
M026,2025-08-09,201.9
M028,2025-07-09,337.5
M018,2025/08/09,165.3
M020,2025-07-22,263.6
M035,2025/07/18,99999.0
M029,2025-07-24,363.8
M016,2025/07/27,177.0
M015,2025-06-09,147.3
M016,2025-08-04,69.0
M030,2025/08/04,99999.0
M039,2025-08-22,348.4
M014,2025-07-18,266.7
M030,2025-07-29,343.1
M032,2025-07-31,93.8
M018,2025-07-04,-42.7
M031,2025-06-22,247.9
M012,2025-07-19,287.9
M001,2025-06-27,271.8
M032,2025/06/16,90.8
M040,2025/06/13,314.9
M014,2025-07-20,212.9
M024,2025-06-01,359.9
M035,2025-07-28,462.4
M028,2025-06-23,324.0
M037,2025/07/05,373.2
M015,2025-08-26,186.3
M037 ,2025-06-19,326.3
M007,2025-06-18,320.9
M017,2025-08-28,398.9
M021,2025/06/26,299.3
M013,2025/07/09,133.1
M004,2025-06-03,252.3
M018,2025/06/19,315.4
M020,2025-06-07,208.7
M002,2025/07/16,264.7
M040,2025-07-01,369.9
M030,2025-08-28,273.2
M036,2025-06-25,209.9
M009,2025-07-03,394.7
M003,2025-08-08,213.4
M019,2025-07-29,366.2
M040,2025-08-20,353.9
M029,2025-06-02,431.3
M034,2025/07/12,390.3
M029,2025/08/25,363.2
M017,2025-08-14,505.8
M021,2025-07-01,274.6
M022,2025-06-20,311.5
M019,2025-07-17,390.0
M001,2025-07-24,190.3
M018,2025-08-24,
M033,2025-06-27,249.2
M006,2025-06-25,245.1
M009,2025/06/19,332.1
M015,2025/06/25,203.9
M024,2025/07/10,340.4
M030,2025/06/21,295.8
M005,2025-06-03,182.6
M027,2025-08-27,277.4
M030,2025-08-22,293.5
M021,2025/08/02,332.1
M024,2025/06/16,404.9
M005,2025/08/24,231.2
M016,2025-07-21,115.8
M017,2025/07/09,384.9
M040,2025-07-11,424.9
M016,2025-07-05,134.2
M012,2025-08-23,292.3
M031,2025-06-13,299.5
M018,2025/07/17,180.7
M008,2025/07/30,110.4
M010,2025-07-15,264.2
M035,2025-06-05,441.2
M013,2025/08/10,283.0
M038,2025/08/21,376.2
M036,2025-07-23,165.5
M009 ,2025-07-12,434.7
M014,2025-06-22,252.9
M008,2025/07/22,181.0
M033,2025-07-18,112.5
M034,2025/08/16,417.2
M018,2025-08-26,210.3
M007,2025/07/31,321.9
M003,2025/07/24,263.6
M028,2025-06-20,336.1
M019,2025/06/15,399.3
M008,2025-08-26,187.9
M040,2025-07-05,378.6
M027,2025-06-09,321.4
M010,2025-06-09,247.4
M002,2025-08-02,353.2
M040,2025-08-27,338.1
M033,2025/06/29,175.7
M026,2025-06-14,174.6
M030,2025/07/03,339.4
M010,2025/08/10,201.3
M036,2025-07-05,225.1
M024,2025-08-17,346.2
M016 ,2025-08-27,110.2
M036,2025-06-10,210.0
M009,2025-07-14,
M018,2025-07-31,196.2
M033,2025/06/15,257.5
M040,2025-07-30,361.2
M025,2025-08-19,
M007,2025-06-16,360.8
M028,2025/06/05,269.2
M023,2025-08-21,262.2
M022,2025-06-13,287.5
M014,2025-06-12,294.8
M033,2025-08-04,173.3
M038,2025-06-16,320.2
M038,2025-07-22,329.3
M014,2025-07-24,352.6
M011,2025-07-29,384.1
M034,2025/08/06,441.7
M022,2025-07-14,245.1
M003,2025-06-26,218.1
M028,2025-06-13,307.8
M035,2025-06-04,353.3
M030,2025/07/05,258.1
M002,2025-06-12,218.3
M005,2025/07/16,187.9
M032,2025-07-05,124.6
M016,2025/08/05,128.4
M032,2025/07/27,106.6
M002,2025-08-06,261.6
M035,2025/06/14,446.2
M018,2025-08-14,237.8
M012,2025/07/01,338.3
M027,2025/06/30,275.9
M012,2025-07-24,291.4
M033,2025-07-09,230.7
M005,2025-07-17,158.8
M005,2025/07/06,189.9
M022 ,2025/08/29,292.4
M014,2025-07-11,322.2
M012,2025-06-13,289.0
M040,2025-06-11,448.2
M038,2025/06/18,417.1
M008,2025/07/23,162.9
M020,2025-06-06,300.6
M006,2025-07-20,292.2
M022,2025/07/02,203.1
M026,2025-08-25,166.1
M024,2025-08-01,346.8
M038,2025-08-07,374.5
M007,2025/07/30,332.1
M009,2025/08/25,401.9
M004,2025/08/23,
M036,2025/08/15,258.7
M017,2025-07-18,385.7
M024,2025-08-29,350.6
M022,2025/08/13,441.4
M026,2025/08/14,179.7
M010,2025/06/20,243.6
M002,2025-07-01,298.4
M014,2025/07/19,391.5
M015,2025-08-09,219.3
M014,2025-08-29,329.9
M008 ,2025-07-08,152.7
M028,2025-08-02,411.4
M028,2025-08-10,377.2
M034,2025-08-08,455.7
M008,2025/08/11,
M004,2025/06/07,239.5
M036,2025/07/25,170.8
M032,2025/08/28,233.4
M007,2025/07/06,351.5
M032,2025-07-01,115.4
M026,2025-07-20,164.3
M005,2025-07-31,148.4
M001,2025/06/29,318.0
M014,2025-08-14,99999.0
M035,2025-06-09,440.9
M026,2025/06/26,175.0
M013,2025-07-26,264.9
M002,2025-08-17,-25.0
M021,2025/07/17,276.0
M014,2025-08-25,247.7
M005,2025-08-07,205.5
M038,2025/07/18,437.1
M008,2025-06-14,165.9
M038,2025-06-11,374.0
M025,2025-08-20,466.2
M040,2025-07-16,376.2
M031,2025-07-15,222.2
M012,2025-08-13,351.6
M021,2025/08/03,276.1
M035,2025/07/01,417.0
M030,2025-07-16,211.9
M007,2025-06-07,297.6
M020,2025-08-19,186.7
M013,2025-08-01,180.7
M006,2025-08-27,215.4
M031,2025/08/17,273.6
M027,2025-07-29,352.9
M018,2025-07-26,211.9
M016,2025/08/07,108.9
M036,2025/07/21,183.0
M030,2025-06-09,274.5
M030,2025-07-04,228.6
M031,2025-08-08,288.7
M040,2025-06-03,507.0
M010,2025/08/05,215.3
M029,2025/07/22,384.9
M003,2025/06/07,158.2
M011,2025-06-23,409.1
M038,2025/06/22,378.3
M016,2025/07/23,95.6
M016,2025/06/20,112.8
M037,2025-08-05,310.4
M020,2025-07-04,161.1
M033,2025/06/12,99999.0
M029,2025/06/29,398.3
M003,2025-07-30,142.7
M015,2025-07-22,173.6
M033,2025-08-13,241.3
M026,2025/06/08,254.9
M038,2025-07-28,337.6
M008,2025-07-29,144.0
M011,2025/08/15,286.0
M024,2025-06-15,424.8
M038,2025/06/05,
M029,2025-08-29,385.6
M016,2025-07-12,199.3
M010,2025-07-04,107.3
M038,2025-08-29,373.6
M034,2025-07-17,373.6
M040,2025-07-22,387.0
M040,2025/06/29,466.2
M001,2025/08/16,
M023,2025-06-30,204.2
M020,2025-07-06,276.3
M010,2025-07-03,234.6
M011,2025/07/09,275.2
M033,2025-08-22,159.1
M022,2025/06/23,320.9
M025,2025-08-29,378.0
M018,2025-07-23,218.1
M009,2025-08-24,430.0
M040,2025-08-23,460.4
M009,2025/07/30,381.6
M018,2025-08-12,204.3
M032,2025-08-13,152.0
M019,2025-06-18,357.0
M007,2025-08-11,346.9
M039,2025-08-10,325.7
M006,2025-07-03,231.9
M030,2025-07-22,226.8
M009,2025-07-10,390.5
M014,2025-06-28,
M024,2025-06-25,404.0
M027,2025-07-08,-42.5
M033,2025-07-21,211.2
M001,2025/07/13,279.4
M033,2025-06-23,207.8
M025,2025-06-22,376.1
M025,2025-07-01,432.5
M010,2025-06-26,173.4
M027,2025-07-07,357.3
M001,2025/06/11,418.6
M014,2025-07-12,333.4
M010,2025/06/14,258.3
M015,2025/07/26,235.4
M032,2025-06-19,99999.0
M026,2025/08/03,147.2
M036,2025-07-22,255.1
M037,2025-07-12,329.9
M032,2025-07-26,172.0
M022,2025-08-14,312.9
M040,2025-06-01,486.0
M039,2025-08-29,360.5
M035,2025/07/15,411.2
M036,2025/07/20,273.1
M027,2025/06/12,314.0
M008,2025-08-02,190.9
M007,2025/06/09,
M021,2025-08-16,347.7
M023,2025-08-17,321.5
M019,2025-06-20,366.5
M023,2025/06/12,269.2
M027,2025-08-28,361.1
M003,2025/07/19,90.3
M040,2025/08/24,385.2
M013,2025-08-20,273.6
M040,2025-07-28,
M039,2025-06-26,335.4
M022,2025-06-09,379.0
M017,2025-06-24,439.7
M036 ,2025-07-06,239.8
M033,2025-08-20,249.9
M015,2025-07-04,212.3
M001,2025/08/12,310.9
M017,2025/06/21,430.9
M028,2025-07-21,366.8
M019,2025-08-13,406.2
M034,2025-08-22,
M028,2025/06/30,299.0
M012,2025-07-06,319.2
M022,2025-06-12,316.3
M038,2025-08-04,353.6
M009,2025/07/26,450.4
M018,2025/06/30,257.9
M019,2025-07-31,321.0
M015,2025-08-22,69.8
M039,2025/08/11,364.6
M021,2025-06-13,307.4
M011,2025/07/24,375.5
M009,2025-06-24,363.0
M023,2025-06-01,371.8
M023,2025/08/16,234.2
M021,2025-08-05,279.2
M025,2025-07-02,387.7
M006,2025-06-04,303.6
M002,2025-07-06,333.6
M029,2025-08-22,430.1
M004,2025-06-20,299.1
M013,2025-06-25,191.1
M035,2025-07-22,494.7
M004,2025-07-12,283.5
M015,2025/08/12,180.3
M017,2025-08-08,
M022,2025/08/17,307.0
M023,2025-06-19,217.8
M030,2025-08-19,-14.1
M020,2025-07-28,277.7
M026,2025-08-26,146.1
M021,2025-08-07,303.1
M037,2025-07-24,315.9
M035,2025-06-05,441.2
M009,2025-06-30,354.3
M018,2025/07/10,290.1
M025,2025-07-17,407.6
M026,2025-07-22,212.9
M021,2025-08-27,355.0
M004,2025-06-19,229.4
M027,2025/06/06,278.0
M032,2025/07/21,147.0
M030,2025/08/11,290.7
M040,2025-06-24,400.8
M022,2025-08-09,337.9
M038,2025-07-16,360.5
M033,2025-08-19,
M025 ,2025/07/30,469.9
M019,2025/06/05,327.2
M026,2025-06-24,239.6
M023,2025-08-24,280.7
M015,2025-08-17,306.5
M017,2025-06-09,376.8
M035,2025-06-13,410.7
M035,2025/06/11,-31.2
M022,2025-08-22,308.0
M021,2025-07-15,322.6
M032,2025-07-25,165.8
M017,2025-06-02,345.7
M038,2025-07-08,
M030,2025-06-14,257.8
M001,2025/07/16,163.8
M037,2025-06-04,363.1
M010,2025-07-24,136.1
M035,2025/06/20,381.7
M038,2025-08-17,328.8
M004,2025/07/18,212.3
M022,2025-06-16,326.4
M005,2025/06/25,103.8
M031,2025-06-09,99999.0
M021,2025-08-06,317.0
M021,2025-07-31,238.0
M034,2025-08-17,438.9
M026,2025-08-29,-17.9
M036,2025-08-08,228.2
M038,2025-08-19,265.9
M008,2025-08-03,185.8
M002,2025/07/24,336.2
M029,2025/07/18,372.0
M033,2025-07-05,215.7
M032,2025-06-17,69.9
M033,2025-07-22,237.6
M005,2025-07-15,155.5
M035,2025-08-18,395.6
M040,2025/08/13,421.2
M029,2025-08-11,437.9
M024,2025-07-03,287.6
M017,2025-07-29,423.8
M012,2025-06-24,297.7
M002,2025-07-02,398.3
M021 ,2025/06/28,308.9
M026,2025/08/14,179.7
M027,2025-06-23,347.6
M027,2025/06/20,402.7
M039,2025-07-04,273.0
M011,2025-06-16,316.5
M011,2025-07-08,345.1
M006,2025-06-01,379.4
M020,2025-08-13,-53.4
M006,2025/06/15,278.5
M003,2025-06-15,170.2
M002,2025-08-26,276.9
M002,2025-08-01,293.2
M021,2025/08/19,360.0
M035,2025-08-10,395.0
M028,2025-08-24,344.6
M001,2025-07-14,294.3
M015,2025-07-16,112.8
M020,2025-08-26,177.4
M031,2025-06-08,230.9
M011,2025-06-09,328.4
M004,2025/08/20,196.8
M025,2025-06-02,282.2
M039,2025/07/16,302.0
M001,2025-06-25,219.0
M014 ,2025-08-23,339.1
M012,2025/06/11,322.6
M023,2025/07/22,279.6
M010,2025-08-24,148.9
M030,2025-06-29,267.4
M004,2025/07/27,263.7
M004,2025-07-07,201.9
M023,2025-08-19,302.4
M019,2025-07-27,396.2
M038,2025/06/09,288.7
M009,2025-06-01,447.2
M015,2025-07-25,172.2
M027,2025-08-12,405.1
M038,2025-08-20,296.4
M036,2025-08-24,244.1
M009,2025-07-24,380.6
M012,2025-06-04,295.9
M006,2025-07-30,296.6
M015,2025-06-12,227.5
M020,2025-07-05,246.6
M006,2025-07-14,207.9
M022,2025/08/04,286.6
M040,2025-06-15,396.6
M004,2025-08-26,163.4
M019,2025/07/05,245.8
M035,2025-08-05,430.2
M037,2025/07/23,
M017,2025-07-30,389.1
M001,2025/06/02,223.1
M037,2025-08-09,342.3
M003,2025/08/04,182.8
M006,2025-06-17,168.8
M024,2025-07-13,332.2
M031,2025-08-15,246.6
M011,2025/06/03,321.4
M005,2025-06-18,161.9
M006,2025-07-06,305.7
M025,2025-06-26,426.2
M021,2025-06-12,305.0
M005,2025-06-02,221.2
M002,2025-07-09,362.6
M009,2025-06-23,419.4
M010,2025/06/25,173.2
M034,2025-06-16,383.5
M030,2025/08/07,220.6
M030,2025/07/19,-44.7
M036,2025/08/25,230.9
M022,2025-07-01,246.2
M016,2025-08-15,30.0
M016,2025/06/10,75.9
M009,2025/06/18,407.0
M002,2025-07-25,
M021,2025-08-09,
M003,2025-06-23,177.1
M032,2025/08/03,164.4
M015,2025-08-10,235.1
M030,2025/08/26,262.8
M026,2025/07/01,132.4
M025,2025-08-07,456.3
M028,2025/06/11,243.1
M029,2025-07-04,318.6
M027,2025-07-13,455.5
M010,2025-08-13,187.1
M020,2025/08/24,273.2
M031,2025-08-09,223.6
M028,2025/06/16,404.8
M023,2025/08/18,
M034,2025-07-02,366.3
M006,2025-08-28,
M026,2025-07-29,
M014,2025-08-24,281.4
M030,2025-07-25,187.8
M035,2025/08/20,341.7
M016,2025-07-24,170.8
M012,2025-07-20,335.5
M017,2025-07-20,444.7
M022,2025/07/21,333.5
M004,2025/06/08,292.1
M025,2025-07-31,420.7
M024,2025/06/19,424.7
M014,2025-07-05,295.8
M019,2025/07/15,444.3
M023,2025-06-11,295.6
M005,2025/06/11,
M020,2025-07-27,209.1
M012,2025-06-18,365.4
M013,2025/06/17,192.1
M020,2025-06-19,173.9
M027,2025-07-26,356.3
M015,2025/06/15,209.0
M028,2025-07-01,267.4
M026,2025-06-29,138.8
M018,2025-08-19,271.5
M040,2025/07/27,470.7
M003,2025/06/13,157.9
M011,2025-06-01,364.4
M005,2025-08-09,240.2
M033,2025/06/04,238.6
M011,2025-08-16,403.4
M018,2025-06-15,281.3
M014,2025/07/16,196.7
M039,2025-06-08,349.6
M029,2025/07/01,358.9
M005,2025-08-03,248.9
M025,2025-06-01,441.4
M031,2025/06/05,226.5
M008,2025-06-24,122.8
M026,2025/07/11,161.3
M010,2025-06-22,257.2
M004,2025-06-28,99999.0
M022,2025-08-07,337.6
M021,2025-06-15,365.8
M008,2025-06-25,259.8
M037,2025-06-27,321.4
M011,2025/08/17,370.5
M019,2025-06-22,458.2
M018,2025-06-27,134.0
M011,2025-08-03,385.8
M020 ,2025-07-16,226.5
M018,2025-06-03,-51.4
M001,2025/08/18,342.9
M015,2025-08-13,183.1
M008,2025-06-03,126.6
M021,2025/08/15,331.8
M035,2025-06-08,449.3
M031,2025-08-26,218.2
M020,2025/07/20,359.6
M008,2025-08-05,184.4
M015,2025/07/17,233.4
M030,2025/08/01,255.0
M038,2025-07-07,342.6
M003,2025-06-28,166.8
M003,2025-08-02,202.5
M040,2025-06-10,456.2
M002,2025-06-14,234.2
M032 ,2025/08/17,161.9
M001,2025-08-14,240.5
M013,2025-08-11,179.5
M002,2025-07-12,
M024,2025-07-22,441.9
M023,2025-08-26,340.5
M003,2025-08-20,134.8
M023,2025-06-09,236.8
M007,2025-06-19,344.8
M021,2025-06-06,276.1
M024,2025-07-06,375.6
M019,2025/08/11,-39.4
M012,2025-07-16,354.4
M039 ,2025/08/17,300.9
M016 ,2025/08/22,198.7
M031,2025/08/16,240.8
M001,2025/08/13,200.7
M014,2025/08/03,271.1
M023,2025/07/17,240.7
M014,2025-08-01,293.6
M009,2025-08-03,99999.0
M038,2025/06/01,352.4
M033,2025-06-25,221.5
M018,2025/08/22,118.6
M018,2025/08/10,276.8
M037,2025-06-13,300.1
M015,2025/07/24,
M011,2025/08/26,430.6
M014,2025-07-21,330.1
M028,2025-08-11,369.6
M034,2025-06-10,416.1
M028,2025/07/27,
M030,2025/06/02,264.0
M020,2025/08/11,
M023,2025/08/01,
M012,2025-06-10,252.2
M039,2025-07-06,338.1
M004,2025-08-22,261.4
M018,2025/07/22,271.6
M014,2025-06-30,299.2
M029,2025/06/17,404.4
M024,2025-08-13,257.2
M004,2025-07-29,253.6
M013,2025-08-17,245.5
M024,2025-08-22,272.0
M002,2025-08-22,228.5
M020,2025-08-23,243.2
M040,2025/08/17,500.2
M034,2025-07-03,
M037,2025-08-12,343.6
M005,2025-06-09,122.2
M021,2025-07-10,282.9
M040,2025-06-19,462.6
M008,2025/07/03,
M013,2025-06-27,110.8
M019,2025/08/17,357.2
M027,2025-08-24,-25.9
M037,2025-06-20,379.0
M010,2025-07-21,316.2
M001,2025-07-06,-11.8
M011,2025/06/06,448.9
M039,2025-07-24,342.3
M013,2025-08-08,221.5
M017,2025-07-02,
M013,2025/07/20,202.1
M002,2025-07-30,276.5
M039,2025-06-13,403.7
M007,2025/08/05,283.7
M020,2025-06-03,193.3
M025,2025-08-22,485.6
M017,2025-08-20,328.8
M018,2025-07-13,283.7
M015,2025-08-23,209.0
M034,2025-08-21,298.8
M003,2025-07-28,183.1
M027,2025/06/16,
M016,2025-08-11,199.9
M013,2025-06-07,162.5
M016,2025-08-03,160.9
M008,2025-06-28,213.7
M035,2025-08-13,396.9
M016,2025-08-25,154.6
M024,2025/07/04,386.9
M013,2025/07/25,240.6
M026,2025-08-22,97.1
M009,2025-07-21,393.3
M009,2025-07-18,451.8
M014,2025-06-01,235.4
M038,2025/07/11,431.3
M007,2025-06-15,418.5
M003,2025-08-03,162.5
M033,2025-08-23,205.4
M006,2025-06-21,341.7
M035,2025/07/31,409.4
M016,2025-06-15,183.9
M022,2025/08/05,295.4
M016,2025-06-26,124.5
M035,2025-08-17,443.0
M028,2025-06-06,322.4
M010,2025-08-26,143.4
M018,2025-07-11,270.4
M013,2025/07/17,250.0
M016,2025-07-20,94.1
M029,2025/06/18,313.0
M007,2025-06-11,
M013,2025-07-05,207.4
M029,2025-06-24,419.5
M015,2025-07-27,194.7
M017,2025-06-28,-28.3
M023,2025/06/06,185.8
M009,2025-07-16,421.8
M007,2025/08/22,263.6
M012,2025/06/15,350.8
M019,2025-06-07,336.7
M009,2025-08-19,450.4
M031,2025/08/11,175.3
M031,2025-07-03,135.6
M010,2025-08-02,168.1
M012,2025/08/15,266.0
M029,2025-07-10,384.9
M032,2025-08-09,84.6
M018,2025-07-20,207.1
M018,2025-07-30,237.9
M031,2025-07-22,223.0
M003,2025-08-17,274.5
M003,2025-08-27,177.5
M024,2025-08-15,-51.0
M035,2025/08/19,403.6
M008,2025-07-26,225.0
M012,2025-06-09,276.1
M007,2025-07-19,-11.2
M019,2025-08-23,460.4
M038,2025/06/06,290.0
M020,2025-08-12,263.2
M021,2025-07-06,298.7
M034,2025-08-25,351.2
M008,2025-08-23,227.4
M039,2025/06/04,362.8
M031 ,2025-06-30,317.7
M019,2025-07-14,
M038,2025/07/26,323.2
M020,2025/08/27,274.8
M025,2025-06-21,390.8
M036,2025-07-01,
M008,2025-07-19,214.6
M022,2025-08-15,333.9
M026,2025-08-07,167.1
M033,2025-07-11,165.3
M008,2025-06-01,123.1
M017,2025-08-05,466.3
M015,2025-06-17,101.2
M007,2025-06-17,281.2
M030,2025-07-11,261.2
M018,2025-06-11,229.5
M015,2025-08-04,173.6
M001,2025-06-07,306.3
M030,2025-06-12,214.3
M015,2025-06-06,156.8
M003,2025/06/04,
M007,2025-06-05,341.9
M025,2025-08-17,472.2
M014,2025-07-23,237.8
M009,2025/06/11,359.8
M013,2025-08-27,221.8
M032,2025/07/23,191.8
M011,2025/06/08,
M001,2025-08-28,274.6
M011,2025-07-14,376.7
M026,2025-06-21,102.7
M014,2025/08/22,220.4
M032,2025-06-23,52.6
M016,2025-06-14,205.7
M012 ,2025-08-01,339.0
M029,2025-07-10,384.9
M024,2025-07-20,322.3
M033,2025-06-14,247.1
M022,2025-08-23,277.0
M037,2025-08-15,286.9
M013,2025/08/19,186.0
M028,2025/06/08,381.5
M033,2025-06-03,112.6
M016,2025-08-23,172.3
M030,2025-06-16,279.2
M040,2025-06-07,369.8
M034,2025-07-10,448.2
M015,2025/08/15,203.3
M012,2025-06-22,290.9
M035,2025-07-27,469.8
M006,2025/07/10,192.6
M024,2025/06/08,316.6
M004 ,2025-07-03,220.9
M025,2025-08-08,414.3
M030,2025-06-03,166.9
M022,2025/08/11,294.3
M017,2025-07-11,442.7
M023,2025-07-04,322.3
M016,2025-08-12,176.0
M031,2025-07-10,202.4
M011,2025-07-22,404.8
M009,2025-08-28,295.3
M011,2025-07-26,384.9
M025,2025-07-04,372.2
M005,2025-07-24,183.4
M035,2025-06-15,-12.1
M009,2025/07/27,398.2
M011,2025-08-08,332.6
M012,2025/07/31,333.9
M010,2025-07-26,211.7
M005,2025-07-02,161.1
M040,2025-07-02,355.1
M025,2025/08/28,473.7
M040,2025/07/07,366.9
M011,2025-08-02,358.0
M011,2025-07-15,408.5
M002,2025-07-27,380.1
M035,2025/08/29,413.5
M021,2025-06-05,301.8
M031,2025-08-07,195.5
M010,2025-07-12,250.0
M005,2025-06-08,174.9
M035,2025-06-18,362.0
M001 ,2025-08-05,295.0
M037,2025/06/22,400.4
M029,2025/06/19,413.1
M020,2025-07-25,
M040,2025-07-12,348.5
M026,2025-07-23,157.8
M033,2025-07-14,163.3
M030,2025-07-17,327.0
M012,2025-07-13,302.8
M037,2025-07-16,368.7
M004,2025-07-21,296.1
M031 ,2025-08-23,309.9
M035,2025/06/25,330.5
M027,2025/06/25,321.9
M001,2025/08/24,328.2
M015,2025-07-19,156.6
M020 ,2025-07-10,190.7
M027,2025-06-22,418.8
M019,2025/06/12,296.7
M030,2025/07/02,285.0
M017,2025-08-25,446.0
M019,2025-07-21,
M027,2025-08-05,272.4
M036,2025/06/02,247.1
M028,2025/08/07,411.2
M025,2025-07-07,479.0
M004,2025-08-21,229.7
M028,2025-07-26,383.5
M017,2025-06-23,420.5
M011,2025-07-04,337.3
M009,2025-07-08,357.2
M026,2025-06-22,263.5
M020,2025-07-19,274.7
M012,2025/08/05,332.8
M029,2025-07-19,369.5
M037,2025-07-22,345.9
M019,2025-06-04,351.4
M033,2025/08/14,187.0
M015,2025-06-23,221.9
M015,2025/08/14,195.5
M020,2025-06-05,217.8
M024,2025-06-24,343.4
M029,2025-07-23,433.1
M023,2025-06-17,297.9
M005 ,2025/06/14,175.6
M040,2025/08/04,484.2
M021,2025/07/13,322.7
M028,2025-08-05,349.6
M038,2025-06-03,360.4
M006,2025/07/16,222.3
M014,2025/07/26,284.0
M004 ,2025-08-19,262.9
M039,2025/08/26,398.5
M028,2025-06-12,368.4
M037,2025/06/26,349.5
M039,2025/07/05,403.9
M028,2025-06-03,310.3
M040,2025-06-16,456.0
M002,2025/08/05,354.2
M005,2025-07-03,138.1
M004,2025/07/05,286.0
M037,2025/08/21,381.7
M001,2025-07-31,221.4
M005,2025/06/30,105.3
M019,2025/07/25,416.6
M032,2025/08/01,182.9
M002,2025/06/21,
M012,2025-06-21,
M022,2025-07-17,255.3
M034,2025/06/21,393.6
M001,2025/07/07,186.3
M018,2025/08/13,266.7
M022,2025-07-28,300.5
M016,2025-06-05,209.5
M007,2025-06-12,172.3
M025,2025-08-13,460.4
M015,2025/06/19,217.6
M005,2025/08/20,197.7
M040,2025-06-04,447.7
M038,2025-07-15,321.7
M005,2025-08-21,120.0
M013,2025/08/06,189.4
M018,2025-08-25,217.8
M004,2025-08-28,245.8
M023,2025-08-03,341.0
M001,2025-07-21,233.2
M039,2025-08-25,325.1
M024,2025/08/12,365.4
M016,2025-08-28,157.1
M021,2025-06-30,310.2
M033,2025-07-01,138.8
M004,2025-06-12,322.4
M001,2025/08/04,275.1
M016,2025/06/22,142.8
M029,2025-06-27,428.6
M011,2025/08/14,
M022,2025-07-15,345.9
M002,2025-06-26,299.2
M009,2025-06-05,431.2
M039,2025-08-05,315.1
M013,2025-06-01,233.5
M036,2025-08-10,229.6
M029,2025/07/26,389.9
M025,2025/06/17,423.0
M011,2025/06/05,349.4
M001,2025-07-03,242.5
M007,2025-07-14,306.6
M028,2025-07-24,
M009,2025-08-20,378.3
M040,2025/06/18,440.0
M025,2025-08-16,471.5
M037,2025-08-28,254.3
M003,2025-07-04,159.0
M034,2025-07-11,427.7
M038,2025-07-21,307.6
M008,2025-08-04,111.5
M022,2025-06-02,99999.0
M020,2025-08-17,272.5
M003,2025/06/16,128.0
M039,2025/07/02,
M014,2025-06-29,350.3
M012,2025/08/03,368.3
M026,2025/06/25,159.6
M027,2025/07/10,403.8
M017,2025-06-06,463.3
M016,2025-06-30,151.8
M033,2025/08/29,197.3
M032 ,2025-08-20,114.2
M017,2025-07-07,385.7
M025,2025-06-24,415.4
M002,2025-06-11,303.7
M016,2025-06-24,138.6
M031,2025-07-16,-29.8
M019,2025-06-13,374.0
M030,2025-07-12,314.8
M001,2025-08-15,167.8
M026,2025-07-31,115.9
M017,2025-07-06,430.3
M008,2025-07-06,183.3
M026,2025-07-06,236.4
M029,2025-08-06,372.2
M011,2025-08-21,379.5
M012,2025-08-10,427.5
M005,2025-08-04,130.3
M034,2025-06-26,414.6
M037,2025-06-24,362.4
M001,2025-07-18,247.2
M037,2025/06/21,367.5
M024,2025-06-30,282.7
M035,2025/08/12,328.5
M015,2025/08/08,225.7
M024,2025-07-29,386.3
M035,2025-07-06,347.5
M026,2025/07/04,245.7
M013 ,2025/06/15,174.5
M033,2025/07/26,218.0
M020,2025/07/12,211.0
M021,2025/07/19,391.2
M011,2025-06-25,311.6
M031,2025-06-24,241.9
M028,2025-07-04,335.5
M031,2025-06-26,200.8
M004,2025-07-31,220.8
M007,2025/08/04,349.9
M011,2025-06-24,322.5
M010,2025-06-07,186.7
M009,2025-07-06,456.4
M024,2025/06/10,368.2
M026,2025/07/05,195.5
M022,2025/06/24,338.9
M035,2025-06-16,433.0
M002,2025/08/25,320.6
M019,2025-07-10,356.4
M034,2025/08/28,408.8
M014,2025-08-07,339.4
M023,2025-08-11,277.0
M008,2025-07-20,125.1
M020,2025/08/09,286.4
M008,2025/07/04,
M032,2025-06-22,122.3
M021,2025-07-29,231.8
M035 ,2025/06/24,318.0
M039,2025/07/22,415.4
M017,2025/08/11,460.9
M011,2025/08/10,-50.2
M034,2025-08-27,456.6
M003,2025-06-20,177.4
M004,2025-08-15,250.1
M014 ,2025-08-20,349.6
M023,2025/08/05,99999.0
M030,2025-06-10,242.4
M026,2025-07-15,71.6
M023,2025/06/03,325.7
M012 ,2025-07-23,280.3
M020,2025-06-10,254.1
M032,2025-07-07,
M031,2025-08-24,324.1
M002,2025-06-20,238.2
M002,2025/08/20,274.4
M024,2025-06-18,332.4
M040,2025-06-28,
M034,2025/07/31,341.2
M027 ,2025/08/29,284.3
M005,2025-08-01,103.5
M015,2025/08/03,136.5
M023,2025-07-23,255.1
M029,2025-08-18,318.4
M020,2025-07-23,226.2
M032,2025/06/18,93.0
M034,2025-07-25,371.1
M007,2025-08-06,346.1
M025,2025-07-13,330.0
M040,2025/07/18,465.3
M010,2025/07/05,204.7
M014,2025/06/25,303.3
M030,2025/08/21,291.5
M023,2025/06/24,337.5
M031,2025-08-18,247.9
M038,2025-08-01,270.2
M010,2025-06-03,230.9
M028,2025-07-10,365.2
M032,2025-06-01,154.8
M012,2025-06-06,387.1
M023,2025-07-05,265.5
M037,2025-08-04,443.8
M009,2025/06/03,
M008,2025-08-20,73.9
M005,2025-06-23,180.2
M004,2025-06-01,276.6
M011,2025-06-21,402.5
M024,2025/08/05,266.0
M035,2025/06/27,-47.9
M003,2025/07/31,142.9
M034,2025-06-13,387.9
M010,2025/07/20,280.8
M035,2025-06-23,499.1
M019,2025-06-21,448.8
M008,2025-07-02,164.3
M016,2025-07-19,125.5
M001,2025-07-08,287.6
M015,2025-07-07,175.0
M013,2025/07/10,172.3
M014,2025-06-13,250.9
M040,2025/07/17,344.9
M002,2025-08-06,261.6
M016,2025/06/21,191.5
M018,2025-06-26,221.6
M026,2025-07-19,184.4
M001,2025/08/21,243.0
M039,2025-06-27,358.4
M035,2025-08-27,399.5
M031,2025-07-28,285.0
M031,2025/06/25,233.5
M019,2025-08-29,402.0
M038,2025-08-26,342.4
M032,2025-08-23,142.8
M013,2025/08/02,244.5
M039 ,2025/08/28,409.6
M033,2025-08-26,
M021,2025/08/12,323.1
M039,2025/07/23,379.5
M008,2025-08-24,172.1
M028,2025-06-19,353.3
M017,2025-08-13,431.4
M023,2025/07/16,183.9
M026,2025/06/10,155.4
M003,2025-08-11,194.4
M025,2025-06-25,447.1
M016,2025-08-17,128.4
M029,2025-06-10,385.7
M005,2025-06-15,
M033,2025/08/27,231.1
M032,2025-07-09,
M040,2025/07/24,474.1
M002,2025/08/04,336.7
M032,2025-08-08,166.9
M002,2025-07-07,276.5
M008,2025-08-06,177.9
M027 ,2025/08/10,368.7
M038,2025-07-19,375.3
M011,2025-08-05,297.2
M014,2025-07-01,322.1
M024,2025-08-16,-47.4
M034,2025-06-29,371.6
M024,2025/07/07,-17.6
M019,2025-07-13,379.9
M017,2025/08/23,471.8
M009,2025-08-09,509.6
M026,2025-07-14,132.5
M020,2025-08-07,
M018,2025-06-06,272.4
M019,2025-07-19,347.9
M040,2025/08/19,437.7
M012,2025/06/08,
M027,2025-07-30,468.1
M017,2025/06/13,404.2
M032,2025-08-07,109.3
M007,2025/07/12,399.6
M027,2025-07-17,293.3
M028,2025/06/14,
M001,2025-06-23,216.7
M026,2025-06-04,-58.9
M006,2025-07-18,246.1
M002,2025-08-23,312.5
M008,2025-06-05,148.4
M002,2025-07-10,219.0
M029,2025-08-24,394.8
M013,2025-08-25,150.5
M013,2025/07/18,210.1
M021,2025-08-01,-23.9
M028,2025/06/21,398.2
M012,2025-06-07,357.2
M008,2025/08/27,141.8
M025,2025/06/27,355.1
M035,2025-08-25,429.0
M033,2025-07-31,223.1
M029,2025-08-04,442.6
M028,2025-07-14,366.7
M002,2025-06-04,284.8
M019,2025-08-02,318.9
M022,2025-07-06,
M005 ,2025-08-16,115.7
M013,2025/06/28,165.8
M032,2025/08/27,201.6
M006,2025/06/27,228.8
M028,2025-06-17,318.8
M015,2025-06-24,274.9
M035,2025-08-11,407.8
M006,2025-08-09,226.8
M027,2025-06-27,297.7
M002 ,2025/08/19,346.7
M007,2025-08-13,370.8
M022,2025-06-25,271.0
M005,2025-08-06,108.7
M008,2025-06-26,194.2
M022,2025-07-29,288.6
M019,2025/08/03,403.3
M024,2025-08-14,352.5
M020,2025-08-22,211.6
M003,2025/06/24,178.6
M030,2025-07-08,248.0
M033,2025-08-06,243.1
M039,2025-08-21,385.6
M004,2025-08-07,272.8
M008,2025-06-18,138.6
M007,2025-07-17,392.1
M016,2025/07/03,132.2
M001,2025-06-15,320.5
M033,2025-07-16,191.6
M002,2025-08-28,290.8
M007,2025-07-28,362.5
M003,2025/08/25,203.2
M025,2025-06-07,424.1
M036,2025-07-15,221.0
M005,2025-07-07,105.3
M029,2025-06-07,387.8
M006,2025-07-22,218.0
M024,2025/06/22,406.0
M008,2025-07-11,153.0
M018,2025-07-12,177.3
M005,2025/07/25,114.4
M025,2025/07/08,400.2
M004,2025-06-05,169.8
M026,2025-08-12,125.6
M006,2025/08/08,290.3
M034,2025-08-23,-50.3
M002,2025-07-08,297.6
M027,2025-08-01,99999.0
M008,2025-06-06,150.7
M021,2025-07-07,237.0
M014,2025-06-10,303.9
M037,2025-06-23,281.3
M021,2025-07-14,353.7
M023,2025-06-27,224.1
M037 ,2025-07-01,331.3
M002,2025-06-19,333.1
M016,2025/07/02,60.4
M003,2025/07/19,90.3
M027,2025-07-14,409.7
M009,2025-06-20,379.6
M019,2025-06-01,
M001,2025-07-10,310.8
M004,2025-07-24,
M020,2025-07-09,334.8
M039,2025-07-29,249.8
M028,2025-07-05,410.5
M007,2025-07-20,335.8
M009,2025-08-12,359.8
M031,2025-08-29,195.9
M015,2025/06/27,211.7
M002,2025-07-28,339.2
M004,2025-06-25,219.9
M024,2025-06-17,332.7
M012,2025-08-08,310.2
M010,2025/07/10,212.4
M033,2025/06/02,210.1
M010,2025-08-16,167.8
M019,2025-06-02,393.4
M036,2025-08-01,251.3
M016,2025-07-11,95.8
M023,2025-08-28,289.7
M040,2025-06-26,
M036,2025-06-30,221.7
M025,2025/07/28,320.0
M003,2025-07-15,138.7
M036,2025/06/08,271.9
M021,2025-06-19,263.8
M029,2025-07-13,412.7
M039,2025-06-22,353.4
M040,2025-06-27,411.2
M009,2025-07-01,
M028 ,2025-08-03,295.4
M007,2025-07-18,388.3
M030,2025/08/10,252.6
M018,2025/07/29,221.3
M028,2025/06/10,387.2
M038,2025-06-23,336.3
M034 ,2025/07/28,321.7
M023,2025-07-21,286.8
M036,2025-06-17,205.9
M020,2025-08-04,162.5
M016,2025/08/26,114.6
M008,2025-06-23,206.9
M039,2025/06/24,
M038,2025-08-23,390.5
M020,2025-06-22,205.8
M027,2025/06/18,353.1
M009,2025/07/31,409.8
M021,2025-08-10,305.1
M001,2025-07-01,306.5
M010,2025-08-29,238.8
M020,2025-08-29,160.1
M004,2025-07-16,239.7
M039,2025-06-01,371.7
M020,2025-08-14,179.0
M034,2025-08-11,400.2
M013,2025-07-13,221.6
M025 ,2025-08-01,362.8
M007,2025/08/16,274.0
M017,2025-06-09,376.8
M036,2025-06-06,
M003,2025/07/26,243.2
M007,2025/07/13,346.1
M020,2025/07/30,198.2
M013,2025-08-14,181.4
M032,2025/06/29,145.2
M031,2025-06-21,221.9
M016,2025-06-11,160.1
M020,2025-06-23,218.1
M017,2025/08/21,
M036,2025-08-18,172.5
M009,2025-07-19,459.4
M006,2025/06/20,253.9
M032,2025/08/05,151.4
M003,2025-08-15,197.5
M039,2025-06-18,333.2
M033,2025/08/10,167.6
M024,2025-06-06,361.9
M025,2025-08-02,463.4
M038,2025-07-10,363.5
M034,2025-08-09,439.7
M014,2025-06-02,296.9
M036,2025-08-09,265.6
M027,2025-06-28,283.9
M034,2025-08-01,459.6
M014,2025/06/18,333.4
M037,2025-06-12,325.1
M027,2025-07-19,387.0
M016,2025/07/31,112.7
M038,2025-07-13,371.4
M034,2025-08-05,268.3
M022,2025/06/27,270.6
M036,2025/06/29,270.7
M001,2025-06-28,211.6
M029,2025-06-12,413.0
M036,2025/06/01,260.4
M015,2025/08/20,73.7
M039,2025-07-09,370.3
M012,2025-08-22,175.9
M017,2025-06-14,521.8
M040,2025/08/02,99999.0
M006,2025-08-22,301.7
M032,2025/08/22,188.3
M007,2025/06/21,332.5
M039,2025-06-16,-27.1
M039,2025-08-12,333.7
M003,2025-08-10,195.8
M003 ,2025/08/07,185.0
M022,2025-06-28,272.6
M021,2025/06/24,217.8
M036 ,2025-07-18,243.4
M004,2025-07-10,101.8
M017,2025/07/24,418.6
M018,2025-08-17,267.3
M036,2025/07/24,
M027,2025-08-04,332.3
M010,2025-07-28,123.8
M018,2025-08-08,265.2
M033,2025-06-09,146.6
M014,2025/08/12,
M026,2025-08-13,
M031,2025-07-31,251.2
M017,2025-07-10,368.9
M014,2025/08/28,372.2
M011,2025-08-28,256.6
M033,2025/06/13,98.2
M017,2025-08-29,441.9
M017,2025/06/25,467.7
M013,2025-07-03,237.3
M020,2025-08-05,159.4
M010,2025/08/06,263.1
M002,2025-07-03,379.5
M034,2025-08-26,452.4
M008,2025-07-18,135.9
M003,2025/08/28,230.3
M030,2025/06/13,99999.0
M020,2025-06-09,213.1
M017,2025-07-28,417.3
M040,2025-08-09,521.2
M010,2025/08/17,141.5
M029,2025-07-15,366.2
M025,2025/07/10,393.4
M002,2025-06-05,364.6
M022,2025/07/10,269.0
M033,2025-07-24,99999.0
M023,2025-08-09,
M016,2025-06-06,104.1
M003,2025-06-18,222.7
M026,2025-08-17,236.2
M038,2025-07-25,347.5
M001,2025-08-10,233.2
M019,2025/07/02,379.1
M037,2025/08/13,350.7
M028,2025-08-06,307.7
M008,2025/07/09,120.3
M008,2025/07/13,217.3
M002,2025-06-08,276.4
M038,2025-07-27,354.9
M010,2025/06/29,197.4
M040,2025-08-15,492.6
M031,2025/08/14,204.3
M024,2025-06-23,307.5
M023,2025/07/11,247.5
M032,2025-07-15,193.5
M020,2025-08-03,231.4
M015,2025-08-25,127.9
M003,2025-08-21,191.5
M038,2025-06-19,317.8
M018,2025/07/18,211.1
M013,2025-06-12,195.8
M032,2025/07/17,153.1
M031,2025-08-13,190.4
M022,2025-06-04,194.1
M016,2025-06-28,211.8
M032,2025-07-29,-10.3
M038,2025/07/01,361.2
M033,2025-08-16,306.1
M031,2025/06/10,242.7
M037,2025-06-08,387.6
M025,2025-06-05,445.2
M004,2025-06-29,183.4
M022,2025-06-30,-32.0
M026,2025-06-03,144.6
M030,2025-08-13,257.1
M010,2025-06-05,233.8
M007,2025/08/18,340.6
M022,2025-08-12,330.8
M006,2025-07-11,300.8
M004,2025-06-09,247.5
M020,2025-06-27,250.7
M028,2025-08-12,349.6
M030,2025/06/19,238.5
M012,2025-08-02,286.1
M029,2025-06-06,422.3
M013,2025-08-04,258.7
M038 ,2025-08-06,328.2
M017,2025-06-03,309.5
M030,2025-07-23,210.9
M004,2025/06/06,187.1
M016,2025-06-23,89.5
M029,2025-07-29,380.2
M028,2025/06/25,355.2
M023,2025-07-08,216.6
M016,2025-08-13,149.4
M039,2025-06-15,326.1
M017,2025-08-16,458.9
M027,2025-06-21,418.9
M005,2025-06-26,240.4
M008,2025/06/13,154.2
M036,2025-07-30,248.4
M012,2025/08/09,307.2
M022,2025-08-27,291.9
M015,2025-07-21,237.8
M039,2025/08/07,311.7
M026,2025-07-26,168.1
M007,2025/08/19,302.4
M024,2025-07-26,406.7
M022,2025/08/18,296.4
M009,2025-08-18,393.2
M038,2025/06/08,
M014,2025-08-17,249.8
M023,2025-08-25,269.3
M002,2025/07/26,370.7
M024,2025-07-09,333.0
M032,2025/06/12,125.1
M019,2025/06/06,405.6
M014,2025-08-13,319.0
M012,2025-07-05,286.0
M034,2025-06-25,384.0
M002,2025/06/06,-39.0
M022,2025/06/06,291.4
M005,2025/07/20,165.0
M003,2025-08-18,168.7
M029,2025-08-02,444.4
M035,2025-07-23,405.6
M005,2025/07/04,-49.1
M021,2025/07/27,414.9
M012,2025/06/20,301.3
M011,2025-07-05,353.1
M002,2025-07-23,270.2
M027,2025-06-04,381.3
M034,2025-08-07,
M028,2025-07-23,-51.3
M029,2025/07/14,276.0
M037,2025-08-01,287.7
M003,2025-08-09,218.9
M007,2025/06/22,340.6
M005,2025/06/22,185.8
M008,2025-08-16,228.4
M021,2025/06/20,326.9
M020,2025-08-08,269.9
M030,2025-06-07,325.3
M028 ,2025-06-26,99999.0
M025,2025-07-18,453.0
M002,2025-08-29,315.1
M005,2025-08-10,232.8
M010,2025/06/06,218.8
M029,2025-07-30,367.4
M039,2025-06-12,391.7
M040,2025/07/23,
M037,2025-06-10,329.1
M011 ,2025-06-12,359.1
M024,2025-07-23,294.1
M039,2025/06/03,339.1
M024,2025-06-26,437.2
M017,2025-07-17,-53.0
M022 ,2025-08-03,309.5
M031,2025-06-03,185.4
M014,2025-06-05,272.1
M005,2025/07/19,163.7
M003,2025/07/13,233.2
M031,2025-06-18,296.3
M020,2025-07-08,203.1
M023,2025-07-12,280.2
M024,2025/06/10,368.2
M024,2025/08/10,299.6
M027,2025/08/23,400.6
M033,2025-06-21,182.4
M035,2025/06/19,380.1
M027,2025-07-31,407.7
M039,2025-06-17,420.6
M001,2025/06/17,237.3
M026,2025/08/24,223.4
M039,2025/06/30,399.2
M032,2025-08-04,124.9
M015,2025-07-03,187.7
M033,2025-08-07,127.1
M025,2025-08-14,377.4
M015,2025-07-08,117.8
M022,2025-07-27,332.8
M039,2025-08-03,340.0
M012,2025/06/02,99999.0
M012,2025-08-02,286.1
M018,2025-06-18,-54.6
M010,2025/06/02,201.3
M027,2025-08-08,368.4
M039,2025-08-13,415.4
M036 ,2025-06-12,189.9
M039,2025/06/28,404.7
M034,2025/06/05,450.5
M006,2025-08-07,274.3
M024,2025-08-27,358.6
M003,2025/07/05,209.7
M001,2025-08-01,183.7
M015,2025-08-06,109.0
M031,2025-08-10,304.7
M019,2025/06/25,452.4
M027,2025-07-03,275.6
M009,2025/07/15,348.7
M027,2025/06/02,362.5
M028,2025/07/20,384.5
M033,2025-08-05,146.0
M034,2025/06/28,409.9
M023,2025-06-18,186.7
M009,2025-06-05,431.2
M014,2025-06-23,254.6
M024 ,2025-06-29,359.9
M016,2025-06-16,153.4
M024,2025/06/05,279.8
M037,2025-06-16,364.3
M036,2025-08-16,218.2
M037,2025-08-10,309.5
M030,2025/06/01,243.1
M036,2025/07/11,117.2
M016,2025/07/08,168.0
M029,2025/06/14,393.5
M020,2025-06-21,160.8
M032,2025-06-24,209.2
M035,2025-06-02,328.7
M010,2025-06-08,188.1
M027,2025/08/16,428.7
M013,2025-06-13,261.3
M008,2025/08/12,99999.0
M007,2025/08/07,408.7
M032,2025/08/19,91.3
M024,2025-08-08,346.4
M020,2025-06-18,160.8
M011,2025/06/27,388.9
M035,2025-07-29,390.6
M026,2025-08-15,190.6
M001,2025/07/19,295.9
M019,2025-07-08,-58.8
M017,2025-06-26,444.4
M028,2025-08-16,
M033,2025/07/17,211.3
M036,2025-08-17,163.3
M038,2025-07-29,
M026,2025-07-08,
M004,2025-06-30,174.9
M036,2025-07-14,226.8
M013,2025-07-14,278.1
M007,2025-08-25,270.5
M039,2025-06-05,370.2
M035,2025-06-03,378.1
M005,2025-07-29,165.4
M039,2025-08-16,271.9
M036,2025-06-21,257.9
M001,2025-06-16,277.5
M009,2025/08/04,-37.1
M035,2025-08-23,439.5
M009,2025-07-23,305.9
M003,2025-08-16,247.6
M005,2025-06-07,211.1
M037,2025-06-29,336.2
M023,2025-07-06,284.8
M006,2025-08-20,314.5
M009 ,2025-08-23,430.4
M007,2025-07-04,360.1
M023,2025-06-28,237.6
M001,2025/06/08,374.3
M020,2025-06-20,255.6
M038,2025-08-15,338.5
M014,2025/08/02,332.1
M034,2025-07-15,445.5
M022,2025-07-23,280.2
M012,2025/08/04,341.4
M029,2025-06-04,339.5
M006,2025-06-22,281.8
M010,2025/06/12,192.1
M014,2025-07-02,269.7
M016,2025-08-01,203.2
M009,2025-08-11,314.2
M009,2025/06/26,419.1
M021,2025-06-11,301.7
M018,2025/07/15,267.9
M012,2025-06-27,
M025,2025/07/16,420.1
M015,2025-08-16,171.3
M005,2025-08-18,204.4
M002,2025-08-08,333.3
M035,2025-08-15,450.9
M011,2025/07/16,303.6
M010,2025/07/08,
M025,2025-06-20,400.8
M009,2025-08-26,
M015,2025-06-16,152.7
M030,2025/06/30,286.3
M017,2025/08/19,417.7
M039,2025/07/17,354.5
M023,2025-08-15,310.8
M020,2025/06/26,230.3
M004,2025-08-06,174.9
M011,2025-08-20,353.1
M011,2025/07/28,
M013,2025-06-18,109.4
M026 ,2025-07-09,101.6
M031,2025-06-07,153.0
M005,2025-06-10,153.5
M030,2025-08-08,276.1
M014,2025-08-18,267.1
M012,2025-08-14,278.4
M007,2025-08-26,243.9
M004,2025-06-02,-8.0
M026,2025-08-21,-16.1
M029,2025-08-16,413.0
M009,2025/06/12,328.0
M013,2025-07-08,193.5
M021,2025/08/22,369.2
M010,2025-06-27,142.7
M034,2025-08-14,411.9
M029 ,2025/06/13,416.3
M020,2025/07/11,268.2
M003,2025/07/23,150.1
M029,2025/06/09,376.3
M021,2025-06-14,375.5
M021,2025-07-16,324.1
M025,2025-07-23,388.0
M030,2025-08-16,274.4
M022,2025-07-04,340.9
M035,2025-07-20,374.4
M017,2025-06-04,406.2
M005,2025/06/29,232.0
M036,2025-06-13,
M037,2025/07/03,356.8
M002,2025/06/16,288.8
M018,2025-08-21,
M036,2025/06/18,173.5
M029,2025-08-28,333.7
M031,2025/06/04,185.9
M018,2025-08-03,247.7
M011,2025-07-02,357.0
M014,2025-06-04,239.5
M017,2025-07-04,427.4
M002,2025-07-18,280.1
M026,2025/07/07,145.9
M017,2025-07-31,347.8
M004,2025-07-22,
M027,2025/06/07,382.2
M039,2025-08-09,337.3
M037,2025/07/06,362.5
M011,2025/07/30,-59.3
M003,2025-06-03,146.5
M022,2025-07-19,329.9
M002,2025/06/02,315.2
M036,2025-07-08,235.0
M013,2025/08/16,203.7
M011,2025-07-25,297.6
M026,2025-07-02,194.7
M032,2025-07-19,151.4
M007,2025-08-23,341.2
M004,2025-07-30,246.0
M015,2025-08-01,194.3
M029,2025-08-27,322.3
M017,2025-06-30,442.9
M013,2025-06-14,122.0
M013,2025-07-15,214.0
M017,2025-07-01,419.4
M003,2025-08-13,151.9
M016,2025-07-17,108.3
M027,2025/07/15,
M012,2025/06/01,345.0
M039,2025-07-14,
M010,2025/06/24,213.2
M036,2025-06-05,102.4
M024,2025/08/21,282.8
M026,2025/07/28,206.5
M010,2025-08-14,179.7
M011,2025/08/07,371.8
M029,2025-08-13,375.4
M015,2025/07/15,232.3
M021,2025/06/27,254.9
M039,2025/08/27,280.1
M019,2025-08-14,337.2
M012,2025/07/11,264.1
M021,2025-08-04,355.3
M022,2025/06/15,334.0
M007,2025-06-28,349.9
M033,2025/07/12,204.2
M034,2025/08/13,406.7
M029,2025-08-12,450.3
M003,2025/06/05,
M035,2025/06/17,519.8
M013,2025/07/28,171.2
M024,2025-06-02,377.8
M030,2025-06-17,213.4
M015,2025-06-26,133.9
M005,2025-07-30,-17.6
M034,2025/08/15,382.6
M017,2025-06-05,404.7
M033,2025/06/24,144.8
M032,2025-07-20,136.9
M015,2025-06-11,172.0
M009,2025-07-17,394.4
M019,2025-06-08,333.2
M031,2025-08-27,222.0
M014,2025-07-10,255.7
M011,2025/06/18,425.7
M003,2025/07/27,116.0
M003,2025-06-14,267.4
M008,2025/07/07,128.3
M025,2025/08/04,394.1
M003,2025-08-14,211.6
M034,2025/06/02,390.1
M036,2025-08-19,171.0
M037,2025-07-02,233.3
M032,2025-06-13,77.8
M012,2025-07-30,-27.8
M021,2025-07-20,282.9
M037,2025/06/03,351.7
M017,2025-08-15,
M020,2025-08-22,211.6
M039,2025-07-28,346.3
M029,2025-08-09,504.6
M030,2025-06-28,365.1
M036,2025-08-04,214.4
M019,2025-07-23,327.6
M040,2025/08/28,348.0
M037,2025/08/06,353.5
M023,2025-06-07,292.1
M003,2025-07-02,263.1
M018,2025/06/17,233.3
M021,2025/06/21,336.4
M021,2025-08-14,356.1
M035,2025-08-09,
M027,2025-06-08,299.8
M009,2025-07-07,350.0
M037,2025/06/01,270.7
M034,2025-07-04,381.2
M039,2025-07-15,378.1
M021,2025-07-12,319.8
M028,2025-07-19,299.3
M021,2025-08-28,385.6
M011,2025-08-24,323.7
M003,2025-08-06,167.9
M004,2025-07-14,
M033,2025-07-20,251.4
M039,2025/07/31,338.0
M038,2025-06-26,297.8
M016,2025-08-21,-32.5
M004,2025-07-06,291.4
M014,2025-08-27,165.7
M022,2025-06-21,351.3
M026,2025-08-01,161.3
M011,2025-08-04,402.1
M036,2025-07-26,228.4
M001,2025/06/14,343.0
M036,2025-07-29,155.4
M002,2025/07/20,349.9
M040,2025/06/25,449.0
M011,2025-06-30,-7.6
M006,2025-06-14,251.9
M025,2025/07/22,336.8
M031,2025-07-01,228.6
M020,2025-07-07,227.7
M031,2025/07/05,324.6
M002,2025-08-13,258.1
M012,2025-07-07,307.9
M035,2025-08-06,495.7
M022,2025-07-08,359.6
M005,2025/08/17,171.8
M019,2025-06-11,391.6
M023,2025-06-04,270.2
M001,2025/07/22,231.5
M012,2025-07-02,255.9
M009,2025-06-09,405.4
M017,2025-08-10,371.2
M031,2025-08-09,223.6
M006,2025-07-29,289.0
M005,2025/07/28,152.5
M008,2025-07-12,99999.0
M040,2025-07-04,348.9
M016,2025/07/22,93.0
M022,2025/08/10,359.3
M027,2025/07/21,344.0
M036,2025/08/03,278.5
M038,2025-08-14,337.2
M008,2025-06-30,175.2
M007,2025-06-20,99999.0
M004,2025/07/19,240.8
M039,2025-08-15,370.1
M012,2025-06-25,334.9
M010,2025-07-02,263.2
M030,2025-06-23,285.4
M025,2025/07/15,396.3
M016,2025/07/07,30.0
M024,2025-08-28,419.0
M010,2025-06-17,138.3
M028,2025-07-16,361.3
M038,2025/06/12,376.9
M039,2025-06-11,433.2
M008,2025-06-07,107.6
M030,2025-07-30,213.6
M004,2025/07/09,325.0
M038,2025-08-10,
M030,2025-08-17,
M009,2025-06-10,367.1
M032,2025-06-07,235.1
M040,2025-08-07,452.0
M006,2025-08-12,264.0
M040,2025-06-08,451.6
M020,2025/08/15,223.2
M027,2025-07-05,398.3
M008,2025-08-15,118.0
M001,2025-06-21,349.6
M006,2025-08-16,295.5
M034,2025-07-18,
M006,2025/06/06,299.2
M008,2025-08-10,172.5
M031,2025-06-06,198.0
M021,2025-07-11,368.8
M013,2025/07/01,184.9
M034,2025-07-05,455.7
M001,2025/07/04,239.5
M028,2025/07/11,316.6
M013,2025/08/18,218.4
M034,2025-06-23,418.6
M020,2025-06-11,287.6
M004,2025/07/28,205.9
M020,2025/06/02,233.7
M033,2025-06-28,185.4
M004,2025/08/12,257.7
M016,2025-07-10,168.0
M019,2025-06-30,
M038,2025-08-27,324.2
M036,2025-06-22,226.0
M033,2025/07/08,211.1
M008,2025/06/22,268.4
M024,2025/08/03,330.4
M017,2025-06-27,398.5
M014 ,2025/06/11,217.3
M035,2025-08-21,488.3
M022,2025-07-22,313.6
M038,2025-06-02,310.8
M002,2025-08-18,250.3
M030,2025-08-29,
M020,2025-06-29,226.4
M035,2025/06/10,326.5
M015,2025/06/30,199.3
M028,2025-07-08,297.4
M029,2025-08-20,357.2
M029,2025-07-09,506.8
M028,2025/08/01,354.7
M009,2025/07/29,405.7
M006,2025-07-12,314.1
M002,2025/07/22,300.2
M007,2025-06-08,302.8
M012,2025-06-23,246.2
M013,2025/06/22,273.0
M016,2025/08/06,127.9
M040,2025/06/06,409.4
M004,2025-08-10,264.9
M004,2025/06/26,308.3
M011,2025-08-02,358.0
M023,2025-07-09,275.5
M033,2025-07-07,197.6
M035,2025/07/26,360.2
M005,2025-08-25,108.9
M006,2025-08-02,276.5
M008 ,2025/07/05,211.5
M008,2025-07-21,69.8
M040,2025-08-05,354.4
M022,2025-07-16,234.0
M024,2025/07/30,410.1
M018,2025-06-16,280.6
M027,2025-07-06,366.4
M029,2025-07-07,418.3
M024,2025-07-14,
M002,2025-08-02,353.2
M004,2025-07-04,246.1
M031,2025-08-06,247.8
M033,2025/06/18,154.2
M010,2025-08-23,215.3
M007,2025-06-03,390.1
M024,2025-07-05,377.9
M038,2025-08-11,231.2
M024,2025/07/18,360.5
M039,2025-07-12,421.6
M032,2025/08/26,114.4
M022,2025-07-03,243.0
M011,2025/07/12,388.6
M006,2025/07/09,153.5
M028,2025-07-28,261.0
M003,2025/06/25,91.9
M016,2025-07-04,170.1
M023,2025/06/20,321.3
M007,2025/07/05,287.5
M018,2025/08/02,196.3
M035,2025/06/07,447.7
M004,2025-06-27,237.4
M026,2025-08-10,265.9
M038,2025-07-05,401.1
M028,2025-07-13,361.2
M007,2025-08-10,349.6
M019,2025-06-09,298.6
M038,2025-07-24,287.1
M022,2025/06/22,400.7
M033,2025/07/23,242.4
M023,2025/08/06,179.9
M027,2025-06-03,274.8
M037,2025/07/10,362.8
M029,2025-08-15,346.2
M006,2025-06-19,289.8
M023,2025-07-13,244.8
M014,2025/06/07,287.6
M026,2025-07-22,212.9
M033,2025/07/10,177.8
M028,2025/07/12,289.0
M001,2025-06-19,312.8
M027,2025/07/20,443.1
M029,2025/07/17,-9.3
M034,2025-06-19,365.2
M005,2025-06-13,189.5
M013,2025-06-04,115.7
M024,2025-07-21,302.5
M022,2025-08-21,
M036,2025-08-23,295.0
M004,2025-08-24,270.3
M032,2025-07-02,131.6
