timestamp,sample_point,ph,temperature_c,alert_reason,severity
2025-07-03 04:00,Tank,9.25,17.0,pH above safe range (9.25 > 8.5) by 0.75,critical
2025-07-03 04:30,Tank,8.93,15.8,pH above safe range (8.93 > 8.5) by 0.43,critical
2025-07-03 05:00,Tank,9.0,15.7,pH above safe range (9.0 > 8.5) by 0.5,critical
2025-07-03 05:30,Tank,9.33,17.4,pH above safe range (9.33 > 8.5) by 0.83,critical
2025-07-03 06:00,Tank,9.27,17.5,pH above safe range (9.27 > 8.5) by 0.77,critical
2025-07-03 06:30,Tank,9.22,18.9,pH above safe range (9.22 > 8.5) by 0.72,critical
2025-07-04 11:00,Inlet,6.24,21.1,pH below safe range (6.24 < 6.5) by 0.26,warning
2025-07-04 11:30,Inlet,6.11,20.5,pH below safe range (6.11 < 6.5) by 0.39,critical
2025-07-04 12:00,Inlet,6.19,19.7,pH below safe range (6.19 < 6.5) by 0.31,warning
2025-07-04 12:30,Inlet,6.08,21.1,pH below safe range (6.08 < 6.5) by 0.42,critical
2025-07-05 05:00,Outlet,7.09,32.7,temperature above safe range (32.7 > 30.0) by 2.7,critical
2025-07-05 05:30,Outlet,7.17,32.5,temperature above safe range (32.5 > 30.0) by 2.5,critical
2025-07-05 06:00,Outlet,7.33,33.7,temperature above safe range (33.7 > 30.0) by 3.7,critical
2025-07-05 06:30,Outlet,7.22,32.4,temperature above safe range (32.4 > 30.0) by 2.4,critical
2025-07-05 07:00,Outlet,7.24,32.3,temperature above safe range (32.3 > 30.0) by 2.3,critical
2025-07-05 07:30,Outlet,7.24,31.7,temperature above safe range (31.7 > 30.0) by 1.7,critical
2025-07-05 08:00,Outlet,7.25,32.5,temperature above safe range (32.5 > 30.0) by 2.5,critical
2025-07-05 08:30,Outlet,7.4,32.4,temperature above safe range (32.4 > 30.0) by 2.4,critical
2025-07-06 10:00,Tank,7.06,8.2,temperature below safe range (8.2 < 10.0) by 1.8,critical
2025-07-06 10:30,Tank,7.07,7.9,temperature below safe range (7.9 < 10.0) by 2.1,critical
2025-07-06 11:00,Tank,7.27,8.2,temperature below safe range (8.2 < 10.0) by 1.8,critical
2025-07-06 11:30,Tank,7.12,9.4,temperature below safe range (9.4 < 10.0) by 0.6,critical
