timestamp,sample_point,ph,temperature_c
2025-07-01 00:00,Inlet,7.02,15.2
2025-07-01 00:00,Tank,7.35,14.7
2025-07-01 00:00,Outlet,7.0,15.0
2025-07-01 00:30,Inlet,7.27,15.7
2025-07-01 00:30,Tank,7.02,14.2
2025-07-01 00:30,Outlet,7.31,15.3
2025-07-01 01:00,Inlet,7.43,15.7
2025-07-01 01:00,Tank,7.18,14.9
2025-07-01 01:00,Outlet,7.59,14.9
2025-07-01 01:30,Inlet,7.08,14.4
2025-07-01 01:30,Tank,7.21,15.2
2025-07-01 01:30,Outlet,7.15,15.1
2025-07-01 02:00,Inlet,7.24,15.8
2025-07-01 02:00,Tank,7.36,15.5
2025-07-01 02:00,Outlet,6.93,15.8
2025-07-01 02:30,Inlet,6.99,15.3
2025-07-01 02:30,Tank,6.98,15.4
2025-07-01 02:30,Outlet,7.08,15.5
2025-07-01 03:00,Inlet,7.7,15.8
2025-07-01 03:00,Tank,7.33,15.1
2025-07-01 03:00,Outlet,7.16,16.3
2025-07-01 03:30,Inlet,7.19,16.1
2025-07-01 03:30,Tank,7.22,15.3
2025-07-01 03:30,Outlet,7.28,15.4
2025-07-01 04:00,Inlet,7.48,16.2
2025-07-01 04:00,Tank,7.3,16.5
2025-07-01 04:00,Outlet,7.34,16.1
2025-07-01 04:30,Inlet,7.35,16.4
2025-07-01 04:30,Tank,7.39,16.9
2025-07-01 04:30,Outlet,7.22,16.0
2025-07-01 05:00,Inlet,7.32,17.5
2025-07-01 05:00,Tank,7.45,17.0
2025-07-01 05:00,Outlet,7.28,17.5
2025-07-01 05:30,Inlet,7.24,17.3
2025-07-01 05:30,Tank,7.23,16.9
2025-07-01 05:30,Outlet,7.05,17.0
2025-07-01 06:00,Inlet,7.29,18.9
2025-07-01 06:00,Tank,7.35,18.6
2025-07-01 06:00,Outlet,7.32,18.4
2025-07-01 06:30,Inlet,7.23,18.5
2025-07-01 06:30,Tank,7.47,17.8
2025-07-01 06:30,Outlet,7.1,19.2
2025-07-01 07:00,Inlet,7.24,19.4
2025-07-01 07:00,Tank,7.33,18.1
2025-07-01 07:00,Outlet,7.57,19.8
2025-07-01 07:30,Inlet,7.23,19.2
2025-07-01 07:30,Tank,7.22,18.2
2025-07-01 07:30,Outlet,7.18,19.0
2025-07-01 08:00,Inlet,7.37,19.9
2025-07-01 08:00,Tank,7.21,20.3
2025-07-01 08:00,Outlet,7.09,20.0
2025-07-01 08:30,Inlet,7.37,19.3
2025-07-01 08:30,Tank,6.93,19.0
2025-07-01 08:30,Outlet,7.24,19.8
2025-07-01 09:00,Inlet,7.43,19.5
2025-07-01 09:00,Tank,7.2,20.5
2025-07-01 09:00,Outlet,7.18,18.7
2025-07-01 09:30,Inlet,7.32,21.5
2025-07-01 09:30,Tank,7.35,19.6
2025-07-01 09:30,Outlet,7.14,20.3
2025-07-01 10:00,Inlet,7.57,21.0
2025-07-01 10:00,Tank,7.22,21.5
2025-07-01 10:00,Outlet,7.19,21.7
2025-07-01 10:30,Inlet,7.1,20.3
2025-07-01 10:30,Tank,7.31,21.5
2025-07-01 10:30,Outlet,7.3,20.8
2025-07-01 11:00,Inlet,6.93,20.5
2025-07-01 11:00,Tank,7.11,20.6
2025-07-01 11:00,Outlet,7.29,20.7
2025-07-01 11:30,Inlet,7.32,20.9
2025-07-01 11:30,Tank,7.15,21.0
2025-07-01 11:30,Outlet,7.26,21.4
2025-07-01 12:00,Inlet,7.13,20.9
2025-07-01 12:00,Tank,7.0,22.0
2025-07-01 12:00,Outlet,7.42,20.9
2025-07-01 12:30,Inlet,7.13,20.3
2025-07-01 12:30,Tank,7.23,21.1
2025-07-01 12:30,Outlet,7.53,21.1
2025-07-01 13:00,Inlet,7.08,19.4
2025-07-01 13:00,Tank,7.41,21.0
2025-07-01 13:00,Outlet,6.96,21.0
2025-07-01 13:30,Inlet,6.96,23.0
2025-07-01 13:30,Tank,7.37,21.2
2025-07-01 13:30,Outlet,7.17,19.6
2025-07-01 14:00,Inlet,7.18,19.7
2025-07-01 14:00,Tank,7.29,19.3
2025-07-01 14:00,Outlet,7.06,21.3
2025-07-01 14:30,Inlet,7.45,19.9
2025-07-01 14:30,Tank,6.97,21.1
2025-07-01 14:30,Outlet,7.33,20.0
2025-07-01 15:00,Inlet,7.1,19.7
2025-07-01 15:00,Tank,7.02,19.7
2025-07-01 15:00,Outlet,7.39,20.5
2025-07-01 15:30,Inlet,7.51,20.1
2025-07-01 15:30,Tank,7.18,19.5
2025-07-01 15:30,Outlet,7.18,19.3
2025-07-01 16:00,Inlet,6.93,19.9
2025-07-01 16:00,Tank,7.42,20.0
2025-07-01 16:00,Outlet,7.4,19.7
2025-07-01 16:30,Inlet,7.09,19.6
2025-07-01 16:30,Tank,7.14,18.8
2025-07-01 16:30,Outlet,6.95,18.6
2025-07-01 17:00,Inlet,7.2,18.9
2025-07-01 17:00,Tank,7.13,19.6
2025-07-01 17:00,Outlet,7.23,19.1
2025-07-01 17:30,Inlet,7.38,18.3
2025-07-01 17:30,Tank,6.9,19.2
2025-07-01 17:30,Outlet,7.1,19.6
2025-07-01 18:00,Inlet,7.25,18.6
2025-07-01 18:00,Tank,7.31,16.8
2025-07-01 18:00,Outlet,7.31,17.6
2025-07-01 18:30,Inlet,7.09,17.7
2025-07-01 18:30,Tank,7.32,18.5
2025-07-01 18:30,Outlet,7.35,17.0
2025-07-01 19:00,Inlet,7.11,15.8
2025-07-01 19:00,Tank,7.18,17.6
2025-07-01 19:00,Outlet,7.09,17.4
2025-07-01 19:30,Inlet,7.23,17.8
2025-07-01 19:30,Tank,7.08,16.7
2025-07-01 19:30,Outlet,7.09,18.3
2025-07-01 20:00,Inlet,7.36,16.4
2025-07-01 20:00,Tank,7.23,16.6
2025-07-01 20:00,Outlet,7.23,16.4
2025-07-01 20:30,Inlet,7.15,15.7
2025-07-01 20:30,Tank,7.1,17.5
2025-07-01 20:30,Outlet,7.28,16.5
2025-07-01 21:00,Inlet,7.17,15.9
2025-07-01 21:00,Tank,7.25,15.5
2025-07-01 21:00,Outlet,7.23,16.0
2025-07-01 21:30,Inlet,7.09,15.4
2025-07-01 21:30,Tank,7.05,15.2
2025-07-01 21:30,Outlet,7.33,14.5
2025-07-01 22:00,Inlet,7.16,15.0
2025-07-01 22:00,Tank,7.11,15.5
2025-07-01 22:00,Outlet,7.37,15.4
2025-07-01 22:30,Inlet,7.18,15.0
2025-07-01 22:30,Tank,7.18,15.9
2025-07-01 22:30,Outlet,7.14,14.7
2025-07-01 23:00,Inlet,7.01,14.4
2025-07-01 23:00,Tank,6.99,15.8
2025-07-01 23:00,Outlet,7.25,15.0
2025-07-01 23:30,Inlet,7.42,14.7
2025-07-01 23:30,Tank,7.31,15.6
2025-07-01 23:30,Outlet,6.97,14.2
2025-07-02 00:00,Inlet,7.06,15.5
2025-07-02 00:00,Tank,7.39,14.3
2025-07-02 00:00,Outlet,7.36,14.8
2025-07-02 00:30,Inlet,7.14,14.7
2025-07-02 00:30,Tank,7.15,13.9
2025-07-02 00:30,Outlet,7.05,14.3
2025-07-02 01:00,Inlet,7.27,16.4
2025-07-02 01:00,Tank,7.61,14.9
2025-07-02 01:00,Outlet,6.94,14.9
2025-07-02 01:30,Inlet,7.06,16.3
2025-07-02 01:30,Tank,7.29,14.7
2025-07-02 01:30,Outlet,7.34,15.4
2025-07-02 02:00,Inlet,6.96,15.1
2025-07-02 02:00,Tank,7.16,15.4
2025-07-02 02:00,Outlet,7.22,15.2
2025-07-02 02:30,Inlet,7.23,15.1
2025-07-02 02:30,Tank,7.07,16.3
2025-07-02 02:30,Outlet,7.25,15.7
2025-07-02 03:00,Inlet,6.96,15.8
2025-07-02 03:00,Tank,7.32,15.1
2025-07-02 03:00,Outlet,7.36,15.6
2025-07-02 03:30,Inlet,7.26,15.8
2025-07-02 03:30,Tank,7.23,16.6
2025-07-02 03:30,Outlet,7.14,16.8
2025-07-02 04:00,Inlet,7.08,15.9
2025-07-02 04:00,Tank,7.31,15.9
2025-07-02 04:00,Outlet,7.14,17.0
2025-07-02 04:30,Inlet,7.38,15.4
2025-07-02 04:30,Tank,7.28,17.6
2025-07-02 04:30,Outlet,7.38,16.4
2025-07-02 05:00,Inlet,7.11,17.0
2025-07-02 05:00,Tank,7.03,17.1
2025-07-02 05:00,Outlet,7.17,17.1
2025-07-02 05:30,Inlet,7.38,17.1
2025-07-02 05:30,Tank,6.98,17.9
2025-07-02 05:30,Outlet,7.04,17.0
2025-07-02 06:00,Inlet,7.18,17.8
2025-07-02 06:00,Tank,7.05,17.9
2025-07-02 06:00,Outlet,7.53,17.6
2025-07-02 06:30,Inlet,7.18,18.7
2025-07-02 06:30,Tank,7.31,18.5
2025-07-02 06:30,Outlet,7.33,16.8
2025-07-02 07:00,Inlet,7.07,18.9
2025-07-02 07:00,Tank,7.27,19.6
2025-07-02 07:00,Outlet,7.27,18.6
2025-07-02 07:30,Inlet,7.21,18.6
2025-07-02 07:30,Tank,7.24,19.2
2025-07-02 07:30,Outlet,7.15,18.3
2025-07-02 08:00,Inlet,7.07,20.2
2025-07-02 08:00,Tank,7.39,20.1
2025-07-02 08:00,Outlet,7.33,20.0
2025-07-02 08:30,Inlet,7.2,19.9
2025-07-02 08:30,Tank,7.04,19.4
2025-07-02 08:30,Outlet,7.09,19.9
2025-07-02 09:00,Inlet,7.11,20.1
2025-07-02 09:00,Tank,7.26,20.9
2025-07-02 09:00,Outlet,7.08,19.6
2025-07-02 09:30,Inlet,7.32,19.5
2025-07-02 09:30,Tank,7.27,19.8
2025-07-02 09:30,Outlet,7.18,19.0
2025-07-02 10:00,Inlet,7.31,20.3
2025-07-02 10:00,Tank,7.07,21.8
2025-07-02 10:00,Outlet,7.31,22.7
2025-07-02 10:30,Inlet,7.26,20.4
2025-07-02 10:30,Tank,7.22,21.6
2025-07-02 10:30,Outlet,7.2,20.9
2025-07-02 11:00,Inlet,7.28,20.4
2025-07-02 11:00,Tank,7.22,20.6
2025-07-02 11:00,Outlet,7.01,21.4
2025-07-02 11:30,Inlet,7.3,20.9
2025-07-02 11:30,Tank,7.06,19.7
2025-07-02 11:30,Outlet,7.27,20.8
2025-07-02 12:00,Inlet,6.95,21.0
2025-07-02 12:00,Tank,6.97,21.0
2025-07-02 12:00,Outlet,7.22,21.2
2025-07-02 12:30,Inlet,7.23,21.1
2025-07-02 12:30,Tank,7.03,20.8
2025-07-02 12:30,Outlet,7.12,20.9
2025-07-02 13:00,Inlet,7.24,21.3
2025-07-02 13:00,Tank,7.45,19.4
2025-07-02 13:00,Outlet,7.26,20.8
2025-07-02 13:30,Inlet,7.54,21.5
2025-07-02 13:30,Tank,6.95,21.1
2025-07-02 13:30,Outlet,7.12,21.5
2025-07-02 14:00,Inlet,7.04,20.5
2025-07-02 14:00,Tank,7.18,20.5
2025-07-02 14:00,Outlet,7.11,19.5
2025-07-02 14:30,Inlet,7.27,21.2
2025-07-02 14:30,Tank,7.19,20.0
2025-07-02 14:30,Outlet,7.23,20.9
2025-07-02 15:00,Inlet,7.17,20.1
2025-07-02 15:00,Tank,7.41,19.5
2025-07-02 15:00,Outlet,7.12,19.0
2025-07-02 15:30,Inlet,7.1,19.7
2025-07-02 15:30,Tank,7.06,19.7
2025-07-02 15:30,Outlet,7.47,20.0
2025-07-02 16:00,Inlet,7.18,20.8
2025-07-02 16:00,Tank,7.19,18.5
2025-07-02 16:00,Outlet,7.26,18.9
2025-07-02 16:30,Inlet,7.45,18.8
2025-07-02 16:30,Tank,7.11,18.5
2025-07-02 16:30,Outlet,7.21,18.9
2025-07-02 17:00,Inlet,7.19,18.6
2025-07-02 17:00,Tank,7.11,19.3
2025-07-02 17:00,Outlet,7.34,18.8
2025-07-02 17:30,Inlet,7.06,18.1
2025-07-02 17:30,Tank,7.24,20.2
2025-07-02 17:30,Outlet,7.13,18.3
2025-07-02 18:00,Inlet,7.1,17.3
2025-07-02 18:00,Tank,7.05,17.9
2025-07-02 18:00,Outlet,7.42,18.0
2025-07-02 18:30,Inlet,7.12,17.0
2025-07-02 18:30,Tank,7.23,18.0
2025-07-02 18:30,Outlet,7.02,17.3
2025-07-02 19:00,Inlet,7.19,17.8
2025-07-02 19:00,Tank,7.29,17.3
2025-07-02 19:00,Outlet,7.15,17.4
2025-07-02 19:30,Inlet,7.2,18.5
2025-07-02 19:30,Tank,7.03,17.0
2025-07-02 19:30,Outlet,7.39,17.1
2025-07-02 20:00,Inlet,7.41,16.5
2025-07-02 20:00,Tank,7.22,16.3
2025-07-02 20:00,Outlet,6.99,15.9
2025-07-02 20:30,Inlet,7.53,16.9
2025-07-02 20:30,Tank,7.29,17.1
2025-07-02 20:30,Outlet,7.29,17.1
2025-07-02 21:00,Inlet,7.16,15.7
2025-07-02 21:00,Tank,7.35,15.7
2025-07-02 21:00,Outlet,7.0,15.7
2025-07-02 21:30,Inlet,7.12,16.2
2025-07-02 21:30,Tank,7.09,15.2
2025-07-02 21:30,Outlet,7.15,16.8
2025-07-02 22:00,Inlet,7.19,15.5
2025-07-02 22:00,Tank,7.2,15.6
2025-07-02 22:00,Outlet,7.34,16.2
2025-07-02 22:30,Inlet,6.95,16.2
2025-07-02 22:30,Tank,7.2,15.2
2025-07-02 22:30,Outlet,7.56,15.3
2025-07-02 23:00,Inlet,7.49,15.7
2025-07-02 23:00,Tank,7.05,15.4
2025-07-02 23:00,Outlet,7.31,15.0
2025-07-02 23:30,Inlet,6.85,14.9
2025-07-02 23:30,Tank,7.17,14.4
2025-07-02 23:30,Outlet,7.47,15.0
2025-07-03 00:00,Inlet,7.14,14.8
2025-07-03 00:00,Tank,7.08,14.5
2025-07-03 00:00,Outlet,7.21,15.2
2025-07-03 00:30,Inlet,7.12,14.9
2025-07-03 00:30,Tank,6.99,15.3
2025-07-03 00:30,Outlet,7.09,15.1
2025-07-03 01:00,Inlet,7.06,14.8
2025-07-03 01:00,Tank,7.23,14.4
2025-07-03 01:00,Outlet,7.57,15.1
2025-07-03 01:30,Inlet,7.19,14.7
2025-07-03 01:30,Tank,7.44,15.9
2025-07-03 01:30,Outlet,7.24,14.3
2025-07-03 02:00,Inlet,7.12,15.8
2025-07-03 02:00,Tank,7.12,14.7
2025-07-03 02:00,Outlet,7.02,14.9
2025-07-03 02:30,Inlet,7.2,15.0
2025-07-03 02:30,Tank,7.2,17.1
2025-07-03 02:30,Outlet,7.47,14.8
2025-07-03 03:00,Inlet,7.25,15.9
2025-07-03 03:00,Tank,7.18,16.5
2025-07-03 03:00,Outlet,7.15,15.7
2025-07-03 03:30,Inlet,7.14,15.8
2025-07-03 03:30,Tank,7.39,16.3
2025-07-03 03:30,Outlet,7.0,15.6
2025-07-03 04:00,Inlet,7.08,17.0
2025-07-03 04:00,Tank,9.25,17.0
2025-07-03 04:00,Outlet,7.23,16.3
2025-07-03 04:30,Inlet,7.4,17.2
2025-07-03 04:30,Tank,8.93,15.8
2025-07-03 04:30,Outlet,7.1,16.7
2025-07-03 05:00,Inlet,7.25,16.7
2025-07-03 05:00,Tank,9.0,15.7
2025-07-03 05:00,Outlet,6.96,16.9
2025-07-03 05:30,Inlet,7.34,16.9
2025-07-03 05:30,Tank,9.33,17.4
2025-07-03 05:30,Outlet,7.26,17.3
2025-07-03 06:00,Inlet,7.04,17.7
2025-07-03 06:00,Tank,9.27,17.5
2025-07-03 06:00,Outlet,7.29,18.2
2025-07-03 06:30,Inlet,7.17,17.8
2025-07-03 06:30,Tank,9.22,18.9
2025-07-03 06:30,Outlet,7.18,18.3
2025-07-03 07:00,Inlet,7.05,19.5
2025-07-03 07:00,Tank,7.15,19.0
2025-07-03 07:00,Outlet,7.15,18.0
2025-07-03 07:30,Inlet,7.51,18.1
2025-07-03 07:30,Tank,7.34,18.4
2025-07-03 07:30,Outlet,7.24,18.3
2025-07-03 08:00,Inlet,7.14,20.1
2025-07-03 08:00,Tank,7.49,19.0
2025-07-03 08:00,Outlet,7.2,20.1
2025-07-03 08:30,Inlet,7.11,19.9
2025-07-03 08:30,Tank,7.08,19.9
2025-07-03 08:30,Outlet,7.27,20.2
2025-07-03 09:00,Inlet,7.25,19.4
2025-07-03 09:00,Tank,7.3,19.5
2025-07-03 09:00,Outlet,7.31,21.0
2025-07-03 09:30,Inlet,7.29,19.8
2025-07-03 09:30,Tank,7.38,20.2
2025-07-03 09:30,Outlet,7.01,19.9
2025-07-03 10:00,Inlet,7.41,20.4
2025-07-03 10:00,Tank,7.22,20.4
2025-07-03 10:00,Outlet,6.95,20.3
2025-07-03 10:30,Inlet,7.25,20.7
2025-07-03 10:30,Tank,7.17,19.3
2025-07-03 10:30,Outlet,7.38,21.0
2025-07-03 11:00,Inlet,7.35,21.7
2025-07-03 11:00,Tank,7.13,20.5
2025-07-03 11:00,Outlet,7.25,21.9
2025-07-03 11:30,Inlet,6.95,20.8
2025-07-03 11:30,Tank,7.09,21.2
2025-07-03 11:30,Outlet,7.42,20.7
2025-07-03 12:00,Inlet,7.01,21.0
2025-07-03 12:00,Tank,7.16,20.1
2025-07-03 12:00,Outlet,7.33,20.7
2025-07-03 12:30,Inlet,7.3,20.2
2025-07-03 12:30,Tank,7.36,20.1
2025-07-03 12:30,Outlet,7.36,19.9
2025-07-03 13:00,Inlet,7.41,20.7
2025-07-03 13:00,Tank,6.97,20.8
2025-07-03 13:00,Outlet,7.25,20.3
2025-07-03 13:30,Inlet,7.13,21.1
2025-07-03 13:30,Tank,7.17,19.1
2025-07-03 13:30,Outlet,7.14,21.2
2025-07-03 14:00,Inlet,7.24,21.2
2025-07-03 14:00,Tank,7.1,22.1
2025-07-03 14:00,Outlet,7.32,20.8
2025-07-03 14:30,Inlet,7.36,21.2
2025-07-03 14:30,Tank,7.22,20.2
2025-07-03 14:30,Outlet,7.35,20.9
2025-07-03 15:00,Inlet,6.92,19.5
2025-07-03 15:00,Tank,7.27,20.2
2025-07-03 15:00,Outlet,7.24,20.5
2025-07-03 15:30,Inlet,7.22,21.1
2025-07-03 15:30,Tank,7.11,19.9
2025-07-03 15:30,Outlet,7.25,20.6
2025-07-03 16:00,Inlet,7.32,20.4
2025-07-03 16:00,Tank,7.13,20.2
2025-07-03 16:00,Outlet,7.27,18.9
2025-07-03 16:30,Inlet,7.18,20.8
2025-07-03 16:30,Tank,7.32,19.2
2025-07-03 16:30,Outlet,6.84,19.1
2025-07-03 17:00,Inlet,7.09,18.8
2025-07-03 17:00,Tank,7.55,19.2
2025-07-03 17:00,Outlet,7.25,18.2
2025-07-03 17:30,Inlet,7.02,18.7
2025-07-03 17:30,Tank,7.13,20.6
2025-07-03 17:30,Outlet,7.14,18.4
2025-07-03 18:00,Inlet,7.37,18.0
2025-07-03 18:00,Tank,7.01,18.8
2025-07-03 18:00,Outlet,7.15,17.2
2025-07-03 18:30,Inlet,7.25,18.3
2025-07-03 18:30,Tank,7.15,18.4
2025-07-03 18:30,Outlet,7.32,17.5
2025-07-03 19:00,Inlet,6.89,15.8
2025-07-03 19:00,Tank,7.18,18.0
2025-07-03 19:00,Outlet,7.35,18.1
2025-07-03 19:30,Inlet,7.48,17.2
2025-07-03 19:30,Tank,7.36,16.3
2025-07-03 19:30,Outlet,7.3,17.5
2025-07-03 20:00,Inlet,7.19,16.2
2025-07-03 20:00,Tank,7.03,16.6
2025-07-03 20:00,Outlet,7.39,16.3
2025-07-03 20:30,Inlet,7.28,16.1
2025-07-03 20:30,Tank,7.24,15.9
2025-07-03 20:30,Outlet,7.26,16.4
2025-07-03 21:00,Inlet,7.25,15.5
2025-07-03 21:00,Tank,7.02,15.7
2025-07-03 21:00,Outlet,7.36,16.8
2025-07-03 21:30,Inlet,7.15,16.4
2025-07-03 21:30,Tank,7.31,16.1
2025-07-03 21:30,Outlet,6.97,16.1
2025-07-03 22:00,Inlet,7.05,16.1
2025-07-03 22:00,Tank,7.32,15.8
2025-07-03 22:00,Outlet,6.82,15.8
2025-07-03 22:30,Inlet,7.3,14.6
2025-07-03 22:30,Tank,7.35,15.4
2025-07-03 22:30,Outlet,7.17,15.0
2025-07-03 23:00,Inlet,7.05,14.8
2025-07-03 23:00,Tank,7.66,15.2
2025-07-03 23:00,Outlet,7.23,14.7
2025-07-03 23:30,Inlet,7.11,14.8
2025-07-03 23:30,Tank,7.07,15.6
2025-07-03 23:30,Outlet,7.16,15.6
2025-07-04 00:00,Inlet,7.03,15.6
2025-07-04 00:00,Tank,7.2,15.4
2025-07-04 00:00,Outlet,7.18,14.5
2025-07-04 00:30,Inlet,7.38,14.7
2025-07-04 00:30,Tank,7.18,14.5
2025-07-04 00:30,Outlet,7.23,14.8
2025-07-04 01:00,Inlet,7.24,15.3
2025-07-04 01:00,Tank,7.1,14.3
2025-07-04 01:00,Outlet,7.26,15.7
2025-07-04 01:30,Inlet,7.3,14.4
2025-07-04 01:30,Tank,7.29,15.3
2025-07-04 01:30,Outlet,7.24,15.4
2025-07-04 02:00,Inlet,7.15,15.5
2025-07-04 02:00,Tank,7.34,15.1
2025-07-04 02:00,Outlet,6.98,15.3
2025-07-04 02:30,Inlet,7.23,14.3
2025-07-04 02:30,Tank,7.1,15.8
2025-07-04 02:30,Outlet,7.18,15.5
2025-07-04 03:00,Inlet,7.01,16.4
2025-07-04 03:00,Tank,7.46,15.8
2025-07-04 03:00,Outlet,7.09,15.2
2025-07-04 03:30,Inlet,7.33,15.9
2025-07-04 03:30,Tank,7.08,16.6
2025-07-04 03:30,Outlet,7.31,16.2
2025-07-04 04:00,Inlet,6.94,16.4
2025-07-04 04:00,Tank,7.29,15.8
2025-07-04 04:00,Outlet,7.34,17.4
2025-07-04 04:30,Inlet,7.36,16.1
2025-07-04 04:30,Tank,7.09,17.1
2025-07-04 04:30,Outlet,7.35,17.2
2025-07-04 05:00,Inlet,7.38,17.2
2025-07-04 05:00,Tank,7.14,16.1
2025-07-04 05:00,Outlet,7.32,18.6
2025-07-04 05:30,Inlet,7.13,16.9
2025-07-04 05:30,Tank,7.3,17.4
2025-07-04 05:30,Outlet,6.99,16.8
2025-07-04 06:00,Inlet,7.04,19.2
2025-07-04 06:00,Tank,7.09,18.5
2025-07-04 06:00,Outlet,7.49,19.1
2025-07-04 06:30,Inlet,7.41,19.0
2025-07-04 06:30,Tank,7.01,17.8
2025-07-04 06:30,Outlet,7.09,17.8
2025-07-04 07:00,Inlet,7.59,17.8
2025-07-04 07:00,Tank,7.28,18.0
2025-07-04 07:00,Outlet,7.4,19.6
2025-07-04 07:30,Inlet,7.12,20.0
2025-07-04 07:30,Tank,7.21,19.6
2025-07-04 07:30,Outlet,7.25,18.4
2025-07-04 08:00,Inlet,7.14,19.4
2025-07-04 08:00,Tank,7.29,19.6
2025-07-04 08:00,Outlet,7.55,19.4
2025-07-04 08:30,Inlet,7.13,19.1
2025-07-04 08:30,Tank,7.08,18.6
2025-07-04 08:30,Outlet,7.05,20.0
2025-07-04 09:00,Inlet,7.21,20.0
2025-07-04 09:00,Tank,7.25,20.8
2025-07-04 09:00,Outlet,7.29,20.6
2025-07-04 09:30,Inlet,7.12,20.0
2025-07-04 09:30,Tank,7.08,20.1
2025-07-04 09:30,Outlet,7.08,19.9
2025-07-04 10:00,Inlet,7.17,20.5
2025-07-04 10:00,Tank,7.16,20.3
2025-07-04 10:00,Outlet,7.4,20.4
2025-07-04 10:30,Inlet,7.05,20.7
2025-07-04 10:30,Tank,7.04,20.0
2025-07-04 10:30,Outlet,7.21,19.6
2025-07-04 11:00,Inlet,6.24,21.1
2025-07-04 11:00,Tank,7.29,20.4
2025-07-04 11:00,Outlet,7.02,21.2
2025-07-04 11:30,Inlet,6.11,20.5
2025-07-04 11:30,Tank,6.9,21.4
2025-07-04 11:30,Outlet,7.18,21.1
2025-07-04 12:00,Inlet,6.19,19.7
2025-07-04 12:00,Tank,7.0,20.4
2025-07-04 12:00,Outlet,7.13,21.8
2025-07-04 12:30,Inlet,6.08,21.1
2025-07-04 12:30,Tank,7.05,21.0
2025-07-04 12:30,Outlet,7.42,21.3
2025-07-04 13:00,Inlet,7.09,20.8
2025-07-04 13:00,Tank,7.15,21.5
2025-07-04 13:00,Outlet,7.21,21.1
2025-07-04 13:30,Inlet,7.53,20.1
2025-07-04 13:30,Tank,7.05,19.9
2025-07-04 13:30,Outlet,6.96,21.4
2025-07-04 14:00,Inlet,7.24,21.6
2025-07-04 14:00,Tank,6.9,20.1
2025-07-04 14:00,Outlet,7.42,21.2
2025-07-04 14:30,Inlet,7.33,21.1
2025-07-04 14:30,Tank,7.2,20.6
2025-07-04 14:30,Outlet,7.2,21.1
2025-07-04 15:00,Inlet,7.18,20.3
2025-07-04 15:00,Tank,7.42,19.4
2025-07-04 15:00,Outlet,7.09,20.5
2025-07-04 15:30,Inlet,7.16,20.0
2025-07-04 15:30,Tank,7.51,20.4
2025-07-04 15:30,Outlet,7.14,20.8
2025-07-04 16:00,Inlet,7.58,18.8
2025-07-04 16:00,Tank,7.1,19.6
2025-07-04 16:00,Outlet,7.1,20.8
2025-07-04 16:30,Inlet,7.28,19.3
2025-07-04 16:30,Tank,7.27,19.0
2025-07-04 16:30,Outlet,7.11,19.6
2025-07-04 17:00,Inlet,7.56,17.4
2025-07-04 17:00,Tank,7.26,19.6
2025-07-04 17:00,Outlet,7.31,19.9
2025-07-04 17:30,Inlet,7.27,18.9
2025-07-04 17:30,Tank,7.18,18.3
2025-07-04 17:30,Outlet,7.45,18.1
2025-07-04 18:00,Inlet,7.18,17.7
2025-07-04 18:00,Tank,7.08,16.7
2025-07-04 18:00,Outlet,7.14,18.1
2025-07-04 18:30,Inlet,7.22,18.5
2025-07-04 18:30,Tank,7.18,17.6
2025-07-04 18:30,Outlet,7.25,18.4
2025-07-04 19:00,Inlet,7.06,16.3
2025-07-04 19:00,Tank,7.05,17.9
2025-07-04 19:00,Outlet,7.35,16.7
2025-07-04 19:30,Inlet,7.22,17.7
2025-07-04 19:30,Tank,7.4,16.8
2025-07-04 19:30,Outlet,7.16,18.1
2025-07-04 20:00,Inlet,7.56,17.4
2025-07-04 20:00,Tank,7.03,16.8
2025-07-04 20:00,Outlet,7.16,16.5
2025-07-04 20:30,Inlet,7.1,16.2
2025-07-04 20:30,Tank,7.2,17.6
2025-07-04 20:30,Outlet,7.3,16.8
2025-07-04 21:00,Inlet,7.2,15.4
2025-07-04 21:00,Tank,7.17,16.6
2025-07-04 21:00,Outlet,7.32,17.1
2025-07-04 21:30,Inlet,7.24,15.9
2025-07-04 21:30,Tank,6.96,16.1
2025-07-04 21:30,Outlet,6.94,16.8
2025-07-04 22:00,Inlet,7.11,15.4
2025-07-04 22:00,Tank,7.0,15.1
2025-07-04 22:00,Outlet,7.06,16.1
2025-07-04 22:30,Inlet,7.24,14.7
2025-07-04 22:30,Tank,6.91,15.4
2025-07-04 22:30,Outlet,7.13,14.7
2025-07-04 23:00,Inlet,7.29,15.0
2025-07-04 23:00,Tank,7.22,14.7
2025-07-04 23:00,Outlet,7.11,14.8
2025-07-04 23:30,Inlet,6.96,15.5
2025-07-04 23:30,Tank,7.26,14.1
2025-07-04 23:30,Outlet,7.22,15.8
2025-07-05 00:00,Inlet,7.24,15.8
2025-07-05 00:00,Tank,7.16,15.0
2025-07-05 00:00,Outlet,7.01,14.5
2025-07-05 00:30,Inlet,6.93,14.5
2025-07-05 00:30,Tank,7.24,15.3
2025-07-05 00:30,Outlet,7.37,15.1
2025-07-05 01:00,Inlet,7.05,15.4
2025-07-05 01:00,Tank,7.18,16.2
2025-07-05 01:00,Outlet,7.49,15.7
2025-07-05 01:30,Inlet,7.03,14.8
2025-07-05 01:30,Tank,7.23,14.7
2025-07-05 01:30,Outlet,7.28,15.5
2025-07-05 02:00,Inlet,7.33,15.5
2025-07-05 02:00,Tank,7.07,14.9
2025-07-05 02:00,Outlet,7.18,16.2
2025-07-05 02:30,Inlet,7.44,16.0
2025-07-05 02:30,Tank,7.25,15.8
2025-07-05 02:30,Outlet,7.32,16.2
2025-07-05 03:00,Inlet,7.33,15.0
2025-07-05 03:00,Tank,7.34,16.1
2025-07-05 03:00,Outlet,7.13,16.2
2025-07-05 03:30,Inlet,7.24,15.8
2025-07-05 03:30,Tank,6.95,15.9
2025-07-05 03:30,Outlet,7.28,15.8
2025-07-05 04:00,Inlet,6.96,16.8
2025-07-05 04:00,Tank,7.31,16.6
2025-07-05 04:00,Outlet,7.26,16.3
2025-07-05 04:30,Inlet,7.1,16.8
2025-07-05 04:30,Tank,7.15,16.6
2025-07-05 04:30,Outlet,7.69,16.9
2025-07-05 05:00,Inlet,7.22,16.3
2025-07-05 05:00,Tank,7.21,17.7
2025-07-05 05:00,Outlet,7.09,32.7
2025-07-05 05:30,Inlet,7.33,17.0
2025-07-05 05:30,Tank,6.98,18.7
2025-07-05 05:30,Outlet,7.17,32.5
2025-07-05 06:00,Inlet,7.17,17.8
2025-07-05 06:00,Tank,7.07,18.8
2025-07-05 06:00,Outlet,7.33,33.7
2025-07-05 06:30,Inlet,7.05,18.1
2025-07-05 06:30,Tank,7.28,17.5
2025-07-05 06:30,Outlet,7.22,32.4
2025-07-05 07:00,Inlet,7.28,19.5
2025-07-05 07:00,Tank,7.25,19.1
2025-07-05 07:00,Outlet,7.24,32.3
2025-07-05 07:30,Inlet,6.75,19.4
2025-07-05 07:30,Tank,7.07,17.7
2025-07-05 07:30,Outlet,7.24,31.7
2025-07-05 08:00,Inlet,7.15,19.0
2025-07-05 08:00,Tank,7.2,19.6
2025-07-05 08:00,Outlet,7.25,32.5
2025-07-05 08:30,Inlet,7.41,19.1
2025-07-05 08:30,Tank,7.18,20.1
2025-07-05 08:30,Outlet,7.4,32.4
2025-07-05 09:00,Inlet,7.22,19.2
2025-07-05 09:00,Tank,7.23,20.1
2025-07-05 09:00,Outlet,7.14,20.7
2025-07-05 09:30,Inlet,7.47,20.7
2025-07-05 09:30,Tank,7.08,21.0
2025-07-05 09:30,Outlet,7.15,20.1
2025-07-05 10:00,Inlet,7.11,20.9
2025-07-05 10:00,Tank,7.28,20.7
2025-07-05 10:00,Outlet,7.17,20.5
2025-07-05 10:30,Inlet,7.14,21.2
2025-07-05 10:30,Tank,7.12,20.5
2025-07-05 10:30,Outlet,7.17,20.1
2025-07-05 11:00,Inlet,7.17,20.0
2025-07-05 11:00,Tank,7.26,21.2
2025-07-05 11:00,Outlet,7.16,21.8
2025-07-05 11:30,Inlet,7.08,21.2
2025-07-05 11:30,Tank,7.27,20.6
2025-07-05 11:30,Outlet,7.16,21.4
2025-07-05 12:00,Inlet,7.21,21.2
2025-07-05 12:00,Tank,7.41,21.1
2025-07-05 12:00,Outlet,6.95,20.6
2025-07-05 12:30,Inlet,7.32,20.9
2025-07-05 12:30,Tank,7.04,19.8
2025-07-05 12:30,Outlet,7.25,21.9
2025-07-05 13:00,Inlet,7.01,19.6
2025-07-05 13:00,Tank,7.27,20.6
2025-07-05 13:00,Outlet,7.16,20.7
2025-07-05 13:30,Inlet,7.07,21.2
2025-07-05 13:30,Tank,7.34,21.1
2025-07-05 13:30,Outlet,7.12,21.5
2025-07-05 14:00,Inlet,7.18,20.9
2025-07-05 14:00,Tank,7.06,21.0
2025-07-05 14:00,Outlet,7.31,21.4
2025-07-05 14:30,Inlet,7.2,20.9
2025-07-05 14:30,Tank,7.11,21.1
2025-07-05 14:30,Outlet,7.32,21.2
2025-07-05 15:00,Inlet,7.14,19.4
2025-07-05 15:00,Tank,7.19,20.0
2025-07-05 15:00,Outlet,7.09,20.5
2025-07-05 15:30,Inlet,7.34,20.4
2025-07-05 15:30,Tank,7.37,20.4
2025-07-05 15:30,Outlet,7.06,19.8
2025-07-05 16:00,Inlet,7.15,19.9
2025-07-05 16:00,Tank,7.34,19.6
2025-07-05 16:00,Outlet,7.35,19.0
2025-07-05 16:30,Inlet,7.18,20.4
2025-07-05 16:30,Tank,7.27,20.1
2025-07-05 16:30,Outlet,6.92,18.5
2025-07-05 17:00,Inlet,7.07,19.4
2025-07-05 17:00,Tank,7.44,18.4
2025-07-05 17:00,Outlet,7.05,18.2
2025-07-05 17:30,Inlet,7.07,19.1
2025-07-05 17:30,Tank,7.15,19.9
2025-07-05 17:30,Outlet,7.31,18.4
2025-07-05 18:00,Inlet,7.24,17.9
2025-07-05 18:00,Tank,7.32,18.5
2025-07-05 18:00,Outlet,7.15,18.5
2025-07-05 18:30,Inlet,7.28,18.0
2025-07-05 18:30,Tank,7.24,18.4
2025-07-05 18:30,Outlet,7.15,17.6
2025-07-05 19:00,Inlet,7.39,17.2
2025-07-05 19:00,Tank,7.11,17.5
2025-07-05 19:00,Outlet,6.98,17.3
2025-07-05 19:30,Inlet,7.0,17.0
2025-07-05 19:30,Tank,6.94,16.8
2025-07-05 19:30,Outlet,7.33,17.1
2025-07-05 20:00,Inlet,7.02,17.5
2025-07-05 20:00,Tank,7.11,17.4
2025-07-05 20:00,Outlet,7.12,15.6
2025-07-05 20:30,Inlet,7.47,16.2
2025-07-05 20:30,Tank,7.31,17.2
2025-07-05 20:30,Outlet,7.01,16.5
2025-07-05 21:00,Inlet,7.12,16.2
2025-07-05 21:00,Tank,7.2,15.1
2025-07-05 21:00,Outlet,7.21,16.3
2025-07-05 21:30,Inlet,7.16,16.2
2025-07-05 21:30,Tank,7.12,15.9
2025-07-05 21:30,Outlet,7.25,16.0
2025-07-05 22:00,Inlet,7.39,16.0
2025-07-05 22:00,Tank,7.32,15.8
2025-07-05 22:00,Outlet,7.22,14.7
2025-07-05 22:30,Inlet,7.36,16.4
2025-07-05 22:30,Tank,7.23,15.3
2025-07-05 22:30,Outlet,7.2,16.1
2025-07-05 23:00,Inlet,7.24,14.5
2025-07-05 23:00,Tank,7.18,14.7
2025-07-05 23:00,Outlet,7.17,14.6
2025-07-05 23:30,Inlet,7.07,16.0
2025-07-05 23:30,Tank,7.35,14.2
2025-07-05 23:30,Outlet,7.06,14.8
2025-07-06 00:00,Inlet,7.14,14.2
2025-07-06 00:00,Tank,7.33,14.1
2025-07-06 00:00,Outlet,7.3,15.4
2025-07-06 00:30,Inlet,7.15,14.6
2025-07-06 00:30,Tank,7.21,15.1
2025-07-06 00:30,Outlet,6.89,14.3
2025-07-06 01:00,Inlet,7.28,15.0
2025-07-06 01:00,Tank,7.14,14.5
2025-07-06 01:00,Outlet,7.1,14.7
2025-07-06 01:30,Inlet,7.61,14.4
2025-07-06 01:30,Tank,7.43,15.4
2025-07-06 01:30,Outlet,7.23,15.2
2025-07-06 02:00,Inlet,7.15,16.3
2025-07-06 02:00,Tank,7.28,15.4
2025-07-06 02:00,Outlet,7.18,15.5
2025-07-06 02:30,Inlet,7.03,15.2
2025-07-06 02:30,Tank,7.11,15.8
2025-07-06 02:30,Outlet,7.29,14.3
2025-07-06 03:00,Inlet,7.17,16.5
2025-07-06 03:00,Tank,7.01,15.2
2025-07-06 03:00,Outlet,7.35,15.8
2025-07-06 03:30,Inlet,7.14,15.2
2025-07-06 03:30,Tank,7.23,15.6
2025-07-06 03:30,Outlet,7.23,16.1
2025-07-06 04:00,Inlet,7.3,16.3
2025-07-06 04:00,Tank,7.12,16.5
2025-07-06 04:00,Outlet,7.19,16.6
2025-07-06 04:30,Inlet,7.12,16.4
2025-07-06 04:30,Tank,7.12,16.2
2025-07-06 04:30,Outlet,7.22,17.2
2025-07-06 05:00,Inlet,7.12,17.6
2025-07-06 05:00,Tank,7.25,17.3
2025-07-06 05:00,Outlet,7.3,16.9
2025-07-06 05:30,Inlet,7.28,17.4
2025-07-06 05:30,Tank,6.69,17.4
2025-07-06 05:30,Outlet,7.29,18.4
2025-07-06 06:00,Inlet,7.05,18.1
2025-07-06 06:00,Tank,7.25,17.4
2025-07-06 06:00,Outlet,7.38,18.3
2025-07-06 06:30,Inlet,7.08,17.3
2025-07-06 06:30,Tank,7.14,19.4
2025-07-06 06:30,Outlet,7.52,16.6
2025-07-06 07:00,Inlet,6.93,19.2
2025-07-06 07:00,Tank,7.19,18.4
2025-07-06 07:00,Outlet,7.29,18.8
2025-07-06 07:30,Inlet,7.24,18.9
2025-07-06 07:30,Tank,7.04,19.6
2025-07-06 07:30,Outlet,7.13,19.4
2025-07-06 08:00,Inlet,7.3,19.5
2025-07-06 08:00,Tank,7.22,19.5
2025-07-06 08:00,Outlet,6.93,19.3
2025-07-06 08:30,Inlet,7.26,18.6
2025-07-06 08:30,Tank,6.98,20.1
2025-07-06 08:30,Outlet,7.32,18.6
2025-07-06 09:00,Inlet,7.27,20.1
2025-07-06 09:00,Tank,7.34,19.9
2025-07-06 09:00,Outlet,7.17,19.7
2025-07-06 09:30,Inlet,7.23,20.1
2025-07-06 09:30,Tank,7.1,19.9
2025-07-06 09:30,Outlet,7.09,20.5
2025-07-06 10:00,Inlet,7.05,19.7
2025-07-06 10:00,Tank,7.06,8.2
2025-07-06 10:00,Outlet,7.14,21.9
2025-07-06 10:30,Inlet,7.17,20.8
2025-07-06 10:30,Tank,7.07,7.9
2025-07-06 10:30,Outlet,7.19,19.8
2025-07-06 11:00,Inlet,7.16,20.6
2025-07-06 11:00,Tank,7.27,8.2
2025-07-06 11:00,Outlet,7.18,20.9
2025-07-06 11:30,Inlet,7.05,20.9
2025-07-06 11:30,Tank,7.12,9.4
2025-07-06 11:30,Outlet,7.29,22.1
2025-07-06 12:00,Inlet,7.09,21.9
2025-07-06 12:00,Tank,7.55,22.1
2025-07-06 12:00,Outlet,6.85,21.7
2025-07-06 12:30,Inlet,7.23,21.6
2025-07-06 12:30,Tank,7.17,20.6
2025-07-06 12:30,Outlet,7.17,21.9
2025-07-06 13:00,Inlet,7.33,20.7
2025-07-06 13:00,Tank,7.26,21.4
2025-07-06 13:00,Outlet,7.28,20.9
2025-07-06 13:30,Inlet,7.1,20.5
2025-07-06 13:30,Tank,7.14,20.6
2025-07-06 13:30,Outlet,6.97,20.1
2025-07-06 14:00,Inlet,7.33,19.9
2025-07-06 14:00,Tank,7.01,20.6
2025-07-06 14:00,Outlet,7.42,21.3
2025-07-06 14:30,Inlet,7.14,20.0
2025-07-06 14:30,Tank,7.12,20.1
2025-07-06 14:30,Outlet,7.12,20.9
2025-07-06 15:00,Inlet,7.04,19.7
2025-07-06 15:00,Tank,7.16,20.1
2025-07-06 15:00,Outlet,7.09,19.7
2025-07-06 15:30,Inlet,7.03,19.7
2025-07-06 15:30,Tank,7.28,20.0
2025-07-06 15:30,Outlet,6.74,20.5
2025-07-06 16:00,Inlet,7.19,19.0
2025-07-06 16:00,Tank,7.16,17.7
2025-07-06 16:00,Outlet,6.95,20.2
2025-07-06 16:30,Inlet,7.52,20.8
2025-07-06 16:30,Tank,7.09,19.5
2025-07-06 16:30,Outlet,7.32,18.8
2025-07-06 17:00,Inlet,7.46,18.3
2025-07-06 17:00,Tank,7.25,18.1
2025-07-06 17:00,Outlet,7.25,18.8
2025-07-06 17:30,Inlet,7.36,18.1
2025-07-06 17:30,Tank,7.2,19.9
2025-07-06 17:30,Outlet,7.02,19.0
2025-07-06 18:00,Inlet,7.27,17.7
2025-07-06 18:00,Tank,7.16,18.8
2025-07-06 18:00,Outlet,7.37,18.3
2025-07-06 18:30,Inlet,7.24,17.3
2025-07-06 18:30,Tank,7.21,19.1
2025-07-06 18:30,Outlet,7.36,17.2
2025-07-06 19:00,Inlet,6.89,16.8
2025-07-06 19:00,Tank,7.22,16.9
2025-07-06 19:00,Outlet,7.15,17.4
2025-07-06 19:30,Inlet,7.33,17.4
2025-07-06 19:30,Tank,7.39,16.4
2025-07-06 19:30,Outlet,7.27,17.5
2025-07-06 20:00,Inlet,6.98,17.3
2025-07-06 20:00,Tank,6.96,15.6
2025-07-06 20:00,Outlet,7.6,17.3
2025-07-06 20:30,Inlet,7.26,17.3
2025-07-06 20:30,Tank,7.37,15.8
2025-07-06 20:30,Outlet,7.27,17.3
2025-07-06 21:00,Inlet,7.18,15.9
2025-07-06 21:00,Tank,7.13,16.3
2025-07-06 21:00,Outlet,7.12,15.5
2025-07-06 21:30,Inlet,7.02,15.3
2025-07-06 21:30,Tank,7.23,16.2
2025-07-06 21:30,Outlet,7.14,15.2
2025-07-06 22:00,Inlet,7.25,15.6
2025-07-06 22:00,Tank,7.39,15.1
2025-07-06 22:00,Outlet,7.14,15.7
2025-07-06 22:30,Inlet,7.43,15.4
2025-07-06 22:30,Tank,7.19,14.8
2025-07-06 22:30,Outlet,7.14,16.0
2025-07-06 23:00,Inlet,7.33,15.8
2025-07-06 23:00,Tank,6.95,15.6
2025-07-06 23:00,Outlet,7.06,15.5
2025-07-06 23:30,Inlet,6.84,15.0
2025-07-06 23:30,Tank,7.07,15.9
2025-07-06 23:30,Outlet,7.22,15.9
2025-07-07 00:00,Inlet,7.13,16.2
2025-07-07 00:00,Tank,7.13,16.1
2025-07-07 00:00,Outlet,7.13,14.4
2025-07-07 00:30,Inlet,7.34,14.8
2025-07-07 00:30,Tank,7.19,14.2
2025-07-07 00:30,Outlet,7.15,15.1
2025-07-07 01:00,Inlet,7.09,15.3
2025-07-07 01:00,Tank,6.85,15.6
2025-07-07 01:00,Outlet,7.14,16.0
2025-07-07 01:30,Inlet,7.15,14.7
2025-07-07 01:30,Tank,7.13,15.3
2025-07-07 01:30,Outlet,7.29,14.8
2025-07-07 02:00,Inlet,7.08,15.7
2025-07-07 02:00,Tank,7.33,14.3
2025-07-07 02:00,Outlet,7.04,15.0
2025-07-07 02:30,Inlet,7.46,16.1
2025-07-07 02:30,Tank,7.32,15.7
2025-07-07 02:30,Outlet,7.03,16.1
2025-07-07 03:00,Inlet,7.13,15.4
2025-07-07 03:00,Tank,7.49,15.0
2025-07-07 03:00,Outlet,7.41,16.0
2025-07-07 03:30,Inlet,7.06,16.0
2025-07-07 03:30,Tank,7.07,16.0
2025-07-07 03:30,Outlet,7.1,15.2
2025-07-07 04:00,Inlet,7.6,16.2
2025-07-07 04:00,Tank,7.35,16.5
2025-07-07 04:00,Outlet,7.3,15.7
2025-07-07 04:30,Inlet,7.04,14.5
2025-07-07 04:30,Tank,7.35,16.8
2025-07-07 04:30,Outlet,7.02,17.0
2025-07-07 05:00,Inlet,7.29,19.0
2025-07-07 05:00,Tank,7.24,17.8
2025-07-07 05:00,Outlet,7.29,17.7
2025-07-07 05:30,Inlet,7.2,17.0
2025-07-07 05:30,Tank,7.31,18.0
2025-07-07 05:30,Outlet,7.02,16.5
2025-07-07 06:00,Inlet,7.19,19.1
2025-07-07 06:00,Tank,7.17,17.0
2025-07-07 06:00,Outlet,7.32,18.5
2025-07-07 06:30,Inlet,7.5,18.1
2025-07-07 06:30,Tank,7.5,17.6
2025-07-07 06:30,Outlet,7.34,18.1
2025-07-07 07:00,Inlet,7.02,18.6
2025-07-07 07:00,Tank,7.4,19.5
2025-07-07 07:00,Outlet,7.14,19.5
2025-07-07 07:30,Inlet,7.34,19.3
2025-07-07 07:30,Tank,7.24,19.0
2025-07-07 07:30,Outlet,7.08,18.7
2025-07-07 08:00,Inlet,7.22,19.1
2025-07-07 08:00,Tank,7.16,19.6
2025-07-07 08:00,Outlet,7.23,20.1
2025-07-07 08:30,Inlet,7.04,19.3
2025-07-07 08:30,Tank,7.24,19.3
2025-07-07 08:30,Outlet,7.25,19.2
2025-07-07 09:00,Inlet,7.38,20.0
2025-07-07 09:00,Tank,7.03,20.6
2025-07-07 09:00,Outlet,7.45,19.0
2025-07-07 09:30,Inlet,7.18,20.2
2025-07-07 09:30,Tank,7.36,21.0
2025-07-07 09:30,Outlet,7.18,19.2
2025-07-07 10:00,Inlet,7.3,21.2
2025-07-07 10:00,Tank,7.27,20.6
2025-07-07 10:00,Outlet,7.08,22.1
2025-07-07 10:30,Inlet,7.02,19.7
2025-07-07 10:30,Tank,7.35,20.8
2025-07-07 10:30,Outlet,7.3,20.8
2025-07-07 11:00,Inlet,7.46,21.8
2025-07-07 11:00,Tank,7.12,21.5
2025-07-07 11:00,Outlet,7.02,19.9
2025-07-07 11:30,Inlet,7.38,20.6
2025-07-07 11:30,Tank,6.88,20.9
2025-07-07 11:30,Outlet,7.1,21.2
2025-07-07 12:00,Inlet,7.19,20.5
2025-07-07 12:00,Tank,7.09,21.5
2025-07-07 12:00,Outlet,7.06,21.1
2025-07-07 12:30,Inlet,7.05,21.3
2025-07-07 12:30,Tank,7.47,21.3
2025-07-07 12:30,Outlet,7.37,21.3
2025-07-07 13:00,Inlet,7.06,20.7
2025-07-07 13:00,Tank,7.21,21.2
2025-07-07 13:00,Outlet,7.11,21.3
2025-07-07 13:30,Inlet,7.09,20.9
2025-07-07 13:30,Tank,7.2,20.2
2025-07-07 13:30,Outlet,7.35,20.9
2025-07-07 14:00,Inlet,7.22,20.6
2025-07-07 14:00,Tank,6.88,19.8
2025-07-07 14:00,Outlet,7.07,21.2
2025-07-07 14:30,Inlet,7.11,21.0
2025-07-07 14:30,Tank,7.05,20.1
2025-07-07 14:30,Outlet,7.13,21.2
2025-07-07 15:00,Inlet,6.95,20.0
2025-07-07 15:00,Tank,7.26,20.2
2025-07-07 15:00,Outlet,7.2,20.6
2025-07-07 15:30,Inlet,7.24,19.5
2025-07-07 15:30,Tank,7.3,19.7
2025-07-07 15:30,Outlet,7.15,21.0
2025-07-07 16:00,Inlet,7.57,20.4
2025-07-07 16:00,Tank,7.27,19.0
2025-07-07 16:00,Outlet,7.09,20.5
2025-07-07 16:30,Inlet,7.25,18.7
2025-07-07 16:30,Tank,7.44,19.9
2025-07-07 16:30,Outlet,7.4,19.7
2025-07-07 17:00,Inlet,6.87,18.3
2025-07-07 17:00,Tank,7.18,18.7
2025-07-07 17:00,Outlet,7.43,18.4
2025-07-07 17:30,Inlet,7.19,18.7
2025-07-07 17:30,Tank,7.19,18.2
2025-07-07 17:30,Outlet,7.02,17.2
2025-07-07 18:00,Inlet,7.25,17.9
2025-07-07 18:00,Tank,7.23,17.4
2025-07-07 18:00,Outlet,7.2,17.4
2025-07-07 18:30,Inlet,7.05,18.2
2025-07-07 18:30,Tank,7.3,18.4
2025-07-07 18:30,Outlet,7.19,17.8
2025-07-07 19:00,Inlet,7.41,18.0
2025-07-07 19:00,Tank,7.11,16.6
2025-07-07 19:00,Outlet,7.26,17.4
2025-07-07 19:30,Inlet,7.06,18.6
2025-07-07 19:30,Tank,6.88,16.7
2025-07-07 19:30,Outlet,7.24,17.8
2025-07-07 20:00,Inlet,6.92,16.2
2025-07-07 20:00,Tank,7.42,17.4
2025-07-07 20:00,Outlet,7.16,16.5
2025-07-07 20:30,Inlet,7.07,16.7
2025-07-07 20:30,Tank,7.04,15.3
2025-07-07 20:30,Outlet,6.97,16.5
2025-07-07 21:00,Inlet,7.0,16.6
2025-07-07 21:00,Tank,7.39,16.5
2025-07-07 21:00,Outlet,7.3,16.6
2025-07-07 21:30,Inlet,7.24,16.4
2025-07-07 21:30,Tank,7.27,16.4
2025-07-07 21:30,Outlet,7.05,15.5
2025-07-07 22:00,Inlet,7.05,15.9
2025-07-07 22:00,Tank,7.28,14.9
2025-07-07 22:00,Outlet,7.05,15.1
2025-07-07 22:30,Inlet,7.33,15.3
2025-07-07 22:30,Tank,7.16,15.0
2025-07-07 22:30,Outlet,7.18,16.4
2025-07-07 23:00,Inlet,7.1,14.9
2025-07-07 23:00,Tank,7.46,15.5
2025-07-07 23:00,Outlet,7.03,15.8
2025-07-07 23:30,Inlet,7.01,15.4
2025-07-07 23:30,Tank,6.82,14.5
2025-07-07 23:30,Outlet,7.34,14.7
